tempat,tarikhMula,tarikhTamat,Tahun,Negeri
Sg. Kulim,17/10,18/10,2001,PulauPinang
Sg. Tok Sani,17/10,18/10,2001,PulauPinang
Sg. Maklum,17/10,18/10,2001,PulauPinang
Sg. Pertama,13/1,13/1,2001,PulauPinang
Sg. Kubang Semang,13/1,13/1,2001,PulauPinang
Sg. Mengkuang,13/1,14/1,2001,PulauPinang
Sg. Ara Kuda,13/1,13/1,2001,PulauPinang
Sg. Sintuk,13/1,13/1,2001,PulauPinang
Sg. Perai,13/1,13/1,2001,PulauPinang
Sg. Permatang Rawa,13/1,14/1,2001,PulauPinang
Sg. Kilang Ubi,13/1,13/1,2001,PulauPinang
Sg. Machang Bubok,13/1,13/1,2001,PulauPinang
Sg. Machang Bubok,21/1,21/1,2001,PulauPinang
Sg. Junjong,13/1,15/1,2001,PulauPinang
Sg. Junjong Mati,13/1,13/1,2001,PulauPinang
Sg. Junjong Mati,21/1,21/1,2001,PulauPinang
Sg. Junjong Mati,2/10,2/10,2001,PulauPinang
Sg. Bukit Teh,13/1,13/1,2001,PulauPinang
Sg. Pinang,27/8,27/8,2001,PulauPinang
Sg. Jelutong,2/11,2/11,2001,PulauPinang
Sg. Air Hitam,2/11,2/11,2001,PulauPinang
Sg. Fettes,2/11,2/11,2001,PulauPinang
Sg. Balik Batu,2/11,2/11,2001,PulauPinang
Sg. Air Terjun,16/10,16/10,2001,PulauPinang
Sg. Air Terjun,2/11,2/11,2001,PulauPinang
Sg. Tiram,2/11,2/11,2001,PulauPinang
Sg. Relau,2/11,2/11,2001,PulauPinang
Sg. Kerian,13/1,13/1,2001,Perak
Sg. Kerian,19/8,19/8,2001,Perak
Sg. Kerian,29/10,29/10,2001,Perak
Sg. Air Tawar,26/11,26/11,2001,Perak
Sg. Perak,30/4,3/5,2001,Perak
Sg. Perak,2/11,3/11,2001,Perak
Sg. Perak,26/11,29/11,2001,Perak
Sg. Perak / Sg. Kinta,1/1,8/1,11/10,1/11
Sg. Perak / Sg. Dedap,16/11,19/11,2001,Perak
Sg. Klah,26/4,26/4,2001,Perak
Sg. Klah,9/11,9/11,2001,Perak
Sg. Pari,28/4,28/4,2001,Perak
Sungai Trolak,25/1,26/1,2001,Perak
Sg. Keneriang / Sg. Lawin,25/1,26/1,2001,Perak
Sg. Kinta / Sg. Tumbuh,30/4,2/5,2001,Perak
Sg. Rawang,25/4,25/4,2001,Selangor
Sg. Rawang,9/5,9/5,2001,Selangor
Sg. Rawang,21/9,21/9,2001,Selangor
Sg. Rawang,26/9,26/9,2001,Selangor
Sg. Rawang,17/11,17/11,2001,Selangor
Sg. Buloh,14/4,14/4,2001,Selangor
Sg. Klang,9/4,9/4,2001,Selangor
Sg. Klang,19/4,19/4,2001,Selangor
Sg. Klang,4/9,4/9,2001,Selangor
Sg. Klang,8/10,8/10,2001,Selangor
Sg. Kuyoh,3/4,3/4,2001,Selangor
Sg. Kuyoh,9/4,9/4,2001,Selangor
Sg. Damansara,3/4,3/4,2001,Selangor
Sg. Damansara,9/4,9/4,2001,Selangor
Sg. Damansara,13/4,13/4,2001,Selangor
Sg. Damansara,19/4,19/4,2001,Selangor
Sg. Damansara,4/9,4/9,2001,Selangor
Sg. Rasau,3/4,3/4,2001,Selangor
Sg. Ampang,*No.-*No.,*No.-*No.,2001,Selangor
Sg. Ampang,info-info,info-info,2001,Selangor
Sg. Ampang,on-on,on-on,2001,Selangor
Sg. Ampang,date-date,date-date,2001,Selangor
Sg. Langat,9/4,9/4,2001,Selangor
Sg. Langat,19/4,19/4,2001,Selangor
Sg. Langat,17/11,19/11,2001,Selangor
Sg. Cheras,*No.-*No.,*No.-*No.,2001,Selangor
Sg. Cheras,info-info,info-info,2001,Selangor
Sg. Cheras,on-on,on-on,2001,Selangor
Sg. Cheras,date-date,date-date,2001,Selangor
Sg. Balak,*No.-*No.,*No.-*No.,2001,Selangor
Sg. Balak,info-info,info-info,2001,Selangor
Sg. Balak,on-on,on-on,2001,Selangor
Sg. Balak,date-date,date-date,2001,Selangor
Sg. Jai,9/4,9/4,2001,Selangor
Sg. Sompo,9/4,9/4,2001,Selangor
Sg. Beranang,9/4,9/4,2001,Selangor
Sg. Klang,9/4,9/4,2001,KualaLumpur
Sg. Klang,19/4,19/4,2001,KualaLumpur
Sg. Klang,26/4,26/4,2001,KualaLumpur
Sg. Klang,6/6,6/6,2001,KualaLumpur
Sg. Klang,4/9,4/9,2001,KualaLumpur
Sg. Klang,8/10,8/10,2001,KualaLumpur
Sg. Klang,29/10,29/10,2001,KualaLumpur
Sg. Batu,25/1,25/1,2001,KualaLumpur
Sg. Batu,9/4,9/4,2001,KualaLumpur
Sg. Batu,26/4,26/4,2001,KualaLumpur
Sg. Gombak,9/4,9/4,2001,KualaLumpur
Sg. Gombak,26/4,26/4,2001,KualaLumpur
Sg. Bunus,26/4,26/4,2001,KualaLumpur
Sg. Bunus,6/6,6/6,2001,KualaLumpur
Sg. Ampang,*No.-*No.,*No.-*No.,2001,KualaLumpur
Sg. Ampang,info-info,info-info,2001,KualaLumpur
Sg. Ampang,on-on,on-on,2001,KualaLumpur
Sg. Ampang,date-date,date-date,2001,KualaLumpur
Sg. Linggi,17/11,17/11,2001,NegeriSembilan
Sg. Simpang Ampat,17/11,17/11,2001,NegeriSembilan
Sg. Baru,27/9,27/9,2001,Melaka
Sg. Melaka,29/8,29/8,2001,Melaka
Sg. Alor Gajah,27/9,27/9,2001,Melaka
Sg. Asahan,7/5,7/5,2001,Melaka
Sg. Merlimau,8/6,8/6,2001,Melaka
Sg. Merlimau,18/6,18/6,2001,Melaka
Sg. Skudai,18/1,18/1,2001,Johor
Sg. Plentong,18/1,18/1,2001,Johor
Sg. Masai,18/1,18/1,2001,Johor
Sg. Sayong,18/1,18/1,2001,Johor
"Parit Batu 7,Kg. Wak Salam",18/1,18/1,2001,Johor
Sg. Paya Dato,18/1,18/1,2001,Johor
Sg. Lengan Baju,17/1,18/1,2001,Johor
Parit Tadahan Pengkalan Batu,18/1,18/1,2001,Johor
Parit Kg. Paya Pengkalan Batu,18/1,18/1,2001,Johor
Sg. Tenglu Besar,17/1,18/1,2001,Johor
Sg. Teluk Buih,17/1,18/1,2001,Johor
Sg. Air Merah,18/1,18/1,2001,Johor
Sg. Derhaka,18/1,18/1,2001,Johor
Sg. Tenglu Kecil,18/1,18/1,2001,Johor
Sg. Selang Bani,18/1,18/1,2001,Johor
Sg. Segenting,17/1,18/1,2001,Johor
Sg. Tekedai / Sg. Air Tawar,18/1,18/1,2001,Johor
Sg. Semanyir,18/1,18/1,2001,Johor
Sg. Padang,18/1,18/1,2001,Johor
Sg. Ngang,18/1,18/1,2001,Johor
Sg. Air Hitam,18/1,18/1,2001,Johor
Sg.Mengkibol,18/1,18/1,2001,Johor
Sg. Pahang,27/12,27/12,2001,Pahang
Sg. Pahang,23/12,29/12,2001,Pahang
Sg. Jelai,23/12,23/12,2001,Pahang
Sg. Kuantan,15/12,15/12,2001,Pahang
Sg. Chukai,16/12,17/12,2001,Terengganu
Sg. Ibok,15/12,15/12,2001,Terengganu
Sg. Kemaman,17/11,17/11,2001,Terengganu
Sg. Kemaman,15/12,15/12,2001,Terengganu
Sg. Kemaman,23/12,26/12,2001,Terengganu
Sg. Kemaman,30/12,30/12,2001,Terengganu
Sg. Pinang,15/12,15/12,2001,Terengganu
Sg. Pinang,23/12,23/12,2001,Terengganu
Sg. Musang,23/12,23/12,2001,Terengganu
Sg. Dungun,15/12,15/12,2001,Terengganu
Sg. Kijing / Sg. Rinting,18/11,18/11,2001,Terengganu
Sg. Marang,23/12,25/12,2001,Terengganu
Sg. Terengganu,18/12,18/12,2001,Terengganu
Sg. Nerus,17/12,17/12,2001,Terengganu
Sg. Takir / Sg. Buaya / Sg. Tepoh,18/11,18/11,2001,Terengganu
Sg. Tok Jiring,18/11,18/11,2001,Terengganu
Sg. Telemong,29/12,30/12,2001,Terengganu
Sg. Setiu,16/12,18/12,2001,Terengganu
Sg. Guntong,16/12,16/12,2001,Terengganu
Sg. Caluk,16/12,16/12,2001,Terengganu
Sg. Besut,16/12,18/12,2001,Terengganu
Sg. Kelantan,15/12,30/12,2001,Terengganu
Sg. Kelantan,23/12,29/12,2001,Terengganu
Sg. Sat,15/12,30/12,2001,Terengganu
Sg. Kerawang,15/12,30/12,2001,Terengganu
Sg. Galang,15/12,30/12,2001,Terengganu
Sg. Joh,15/12,30/12,2001,Terengganu
Sg. Pek,15/12,30/12,2001,Terengganu
Sg. Suda,15/12,30/12,2001,Terengganu
Sg. Panyit,15/12,30/12,2001,Terengganu
Sg. Dewan,15/12,30/12,2001,Terengganu
Sg. Keladi,18/12,26/12,2001,Terengganu
Sg. Mulong,18/12,26/12,2001,Terengganu
Sg. Lubok Mulong,18/12,26/12,2001,Terengganu
Sg. Pergau,18/12,20/12,2001,Terengganu
Sg. Tadoh,18/12,20/12,2001,Terengganu
Sg. Galas,22/12,23/12,2001,Terengganu
Sg. Nenggiri,22/12,23/12,2001,Terengganu
Sg. Aring,22/12,23/12,2001,Terengganu
Sg. Chiku,22/12,23/12,2001,Terengganu
Sg. Chindai,22/12,23/12,2001,Terengganu
Sg. Ketil,22/12,23/12,2001,Terengganu
Sg. Relai,22/12,23/12,2001,Terengganu
Sg. Kusial,23/12,29/12,2001,Terengganu
Sg. Maka,24/12,29/12,2001,Terengganu
Sg. Malai,24/12,29/12,2001,Terengganu
Sg. Rambai,24/12,29/12,2001,Terengganu
Sg. Golok,23/12,26/12,2001,Terengganu
Sg. Matopang,29/5,29/5,2001,Sabah
Sg. Moyog,13/3,14/3,2001,Sabah
Sg. Papar,12/3,13/3,2001,Sabah
Sg. Kawang,3/10,11/10,2001,Sabah
Sg. Kimanis,12/3,13/3,2001,Sabah
Sg. Bongawan,3/10,11/10,2001,Sabah
Sg. Membakut,8/10,11/10,2001,Sabah
Sg. Membakut,2/11,7/11,2001,Sabah
Sg. Mempikit,3/4,3/4,2001,Sabah
Sg. Naluyan,24/11,25/11,2001,Sabah
Btg. Limbang,25/1,28/1,2001,Sarawak
Sg. Baram,4/3,6/3,2001,Sarawak
Sg. Baram,17/3,20/3,2001,Sarawak
Sg. Bakir/ Sg. Simanggang,9/2,13/2,2001,Sarawak
Btg. Rajang,9/2,14/2,2001,Sarawak
Sg. Sarawak,28/2,28/2,2001,Sarawak
Sg. Kedah,7/7,7/7,2002,Kedah
Sg. Bata / Temin,30/12,30/12,2002,Kedah
Sg. Petani,20/10,20/10,2002,Kedah
Sg. Petani,20/11,20/11,2002,Kedah
Sg. Petani,17/12,17/12,2002,Kedah
Sg. Kulim,29/4,29/4,2002,PulauPinang
Sg. Kulim,11/10,11/10,2002,PulauPinang
Sg. Kulim,13/10,13/10,2002,PulauPinang
Sg. Kulim,14/11,14/11,2002,PulauPinang
Sg. Kulim,19/11,19/11,2002,PulauPinang
Sg. Pertama,29/4,29/4,2002,PulauPinang
Sg. Permatang Rawa,29/4,29/4,2002,PulauPinang
Sg. Permatang Rawa,14/11,14/11,2002,PulauPinang
Sg. Rambai / Pt. 4,29/4,29/4,2002,PulauPinang
Pt. Estet,29/4,29/4,2002,PulauPinang
Sg. Junjong,14/11,14/11,2002,PulauPinang
Sg. Junjong,18/11,18/11,2002,PulauPinang
Sg. Machang Bubok,14/11,14/11,2002,PulauPinang
Sg. Machang Bubok,18/11,18/11,2002,PulauPinang
Sg. Pinang,8/10,8/10,2002,PulauPinang
Sg. Jelutong,8/10,8/10,2002,PulauPinang
Prangin Canal,8/10,8/10,2002,PulauPinang
Sg. Air terjun,8/10,8/10,2002,PulauPinang
Sg. Kerian,8/3,8/3,2002,Perak
Sg. Kerian,29/4,29/4,2002,Perak
Sg. Kerian,&-&,&-&,2002,Perak
Sg. Kerian,3/11,3/11,2002,Perak
Sg. Kurau / Sg. Ara,18/10,18/10,2002,Perak
Sg. Jebong,3/11,3/11,2002,Perak
Sg. Jebong,6/11,6/11,2002,Perak
Sg. Jebong,14/11,16/11,2002,Perak
Sg. Petai,17/12,17/12,2002,Perak
Sg. Larut,14/11,14/11,2002,Perak
Sg. Larut,16/11,16/11,2002,Perak
Sg. Bruas / Sg. Dendang / Sg. Rotan,21/11,24/11,2002,Perak
Sg. Air Tawar,26/11,28/11,2002,Perak
Sg. Perak / Sg. Kinta,2/5,11/5,2002,Perak
Sg. Perak / Sg. Kinta,19/11,28/11,2002,Perak
Sg. Perak / Sg. Dedap,8/10,10/10,2002,Perak
Sg. Perak / Sg. Dedap,5/11,7/11,2002,Perak
Sg. Perak / Sg. Dedap,21/11,21/11,2002,Perak
Sg. Berof,8/4,8/4,2002,Perak
Sg. Balun,8/4,8/4,2002,Perak
Sg. Jeni,8/4,8/4,2002,Perak
Sg. Trolak,8/4,8/4,2002,Perak
Sg. Kinta / Sg. Pari,29/4,29/4,2002,Perak
Sg. Resam,29/4,29/4,2002,Perak
Sg. Resam,20/12,20/12,2002,Perak
Sg. Klah,9/11,9/11,2002,Perak
Sg. Tapah,18/12,18/12,2002,Perak
Sg. Selinsing,21/12,21/12,2002,Perak
Sg. Rokam,21/12,21/12,2002,Perak
Sg. Sayak,21/12,21/12,2002,Perak
Sg. Bidor,8/10,9/10,2002,Perak
Sg. Bidor,23/11,23/11,2002,Perak
Sg. Selabak,8/10,9/10,2002,Perak
Sg. Sungkai Mati,19/11,21/11,2002,Perak
Sg. Sungkai / Sg. Seluang,19/11,21/11,2002,Perak
Sg. Bidor,19/11,21/11,2002,Perak
Sg. Bidor,23/11,23/11,2002,Perak
Sg. Hangai,17/4,17/4,2002,Perak
Sg. Lenggong,10/12,10/12,2002,Perak
Sg. Temelong,10/12,10/12,2002,Perak
Sg. Pelus,28/10,28/10,2002,Perak
Sg. Bernam,10/11,10/11,2002,Selangor
Sg. Liam,29/4,29/4,2002,Selangor
Sg. Batang Kali,29/4,29/4,2002,Selangor
Sg. Selangor,30/4,30/4,2002,Selangor
Sg. Selangor,1/5,1/5,2002,Selangor
Sg. Selangor,20/11,20/11,2002,Selangor
Sg. Rawang,5/4,5/4,2002,Selangor
Sg. Rawang,1/5,1/5,2002,Selangor
Sg. Rawang,20/11,20/11,2002,Selangor
Sg. Buloh,30/8,30/8,2002,Selangor
Sg. Buloh,10/11,10/11,2002,Selangor
Sg. Kapar Besar / Sg. Binjai,10/11,10/11,2002,Selangor
Sg. Klang,29/4,29/4,2002,Selangor
Sg. Klang,7/10,7/10,2002,Selangor
Sg. Klang,5/11,5/11,2002,Selangor
Sg. Klang,9/11,10/11,2002,Selangor
Sg. Klang,12/11,12/11,2002,Selangor
Sg. Klang,26/11,26/11,2002,Selangor
Sg. Kuyoh,30/10,30/10,2002,Selangor
Sg. Kuyoh,10/11,10/11,2002,Selangor
Sg. Damansara,10/1,10/1,2002,Selangor
Sg. Damansara,1/9,1/9,2002,Selangor
Sg. Damansara,6/10,6/10,2002,Selangor
Sg. Takil,6/10,6/10,2002,Selangor
Sg. Aur,10/11,10/11,2002,Selangor
Sg. Semenyih,29/4,30/4,2002,Selangor
Sg. Klang,29/4,29/4,2002,KualaLumpur
Sg. Klang,6/5,6/5,2002,KualaLumpur
Sg. Klang,11/6,11/6,2002,KualaLumpur
Sg. Klang,6/9,6/9,2002,KualaLumpur
Sg. Klang,7/10,8/10,2002,KualaLumpur
Sg. Klang,5/11,5/11,2002,KualaLumpur
Sg. Klang,9/11,10/11,2002,KualaLumpur
Sg. Klang,12/11,12/11,2002,KualaLumpur
Sg. Klang,26/11,26/11,2002,KualaLumpur
Sg. Klang,21/12,21/12,2002,KualaLumpur
Sg. Batu,29/4,29/4,2002,KualaLumpur
Sg. Batu,11/6,11/6,2002,KualaLumpur
Sg. Gombak,11/6,11/6,2002,KualaLumpur
Sg. Kerayong,8/11,8/11,2002,KualaLumpur
Sg. Temiang,7/4,7/4,2002,NegeriSembilan
Sg. Temiang,14/10,14/10,2002,NegeriSembilan
Sg. Linggi,14/10,14/10,2002,NegeriSembilan
Sg. Linggi,10/11,10/11,2002,NegeriSembilan
Sg. Pedas,11/10,11/10,2002,NegeriSembilan
Sg. Udang,5/7,5/7,2002,Melaka
Sg. Putat,5/7,5/7,2002,Melaka
Sg. Putat,10/7,10/7,2002,Melaka
Sg. Duyong,5/7,5/7,2002,Melaka
Sg. Duyong,10/7,10/7,2002,Melaka
Sg. Rim,19/11,19/11,2002,Melaka
Sg. Kesang,19/11,19/11,2002,Melaka
Sg. Asahan,19/11,19/11,2002,Melaka
Sg. Kg. Dato' Johan,11/10,11/10,2002,Johor
Sg. Serting,11/10,11/10,2002,Pahang
Sg. Pahang,13/12,13/12,2002,Pahang
Sg. Kuantan,10/12,10/12,2002,Pahang
Sg. Kuantan,13/12,13/12,2002,Pahang
Sg. Besut,29/1,30/1,2002,Terengganu
Sg. Air Belaga,9/12,13/12,2002,Terengganu
Sg. Kelantan,13/12,24/12,2002,Terengganu
Sg. Lebir,13/12,24/12,2002,Terengganu
Sg. Sat,9/12,13/12,2002,Terengganu
Sg. Bagan,9/12,13/12,2002,Terengganu
Sg. Nal,14/12,15/12,2002,Terengganu
Sg. Bedal,14/12,15/12,2002,Terengganu
Sg. Golok,9/12,13/12,2002,Terengganu
Sg. Golok,21/12,31/12,2002,Terengganu
Sg. Bandau,7/1,16/1,2002,Sabah
Sg. Bongawan,8/10,8/10,2002,Sabah
Sg. Pamaluyan,9/10,12/10,2002,Sabah
Sg. Lakutan,10/12,10/12,2002,Sabah
Btg. Limbang,25/1,27/1,2002,Sarawak
Btg. Limbang,30/1,30/1,2002,Sarawak
Btg. Rajang,12/1,26/1,2002,Sarawak
Btg. Rajang,20/2,7/3,2002,Sarawak
Btg. Rajang,3/6,3/6,2002,Sarawak
Sg. Sarawak,6/1,10/1,2002,Sarawak
Sg. Sarawak,13/1,13/1,2002,Sarawak
Sg. Sarawak,20/1,20/1,2002,Sarawak
Sg. Sarawak,28/1,28/1,2002,Sarawak
Sg. Sarawak,3/2,4/2,2002,Sarawak
Sg. Sarawak,16/2,17/2,2002,Sarawak
Sg. Sarawak,1/7,1/7,2002,Sarawak
Sg. Sarawak,10/9,10/9,2002,Sarawak
Sg. Kedah,21/10,26/10,2003,Kedah
Sg. Gurun,8/9,10/9,2003,Kedah
Sg. Gurun,4/10,13/10,2003,Kedah
Sg. Udang,8/9,10/9,2003,Kedah
Sg. Petani,4/10,13/10,2003,Kedah
Sg. Pasir,4/10,13/10,2003,Kedah
Sg. Baling,4/10,13/10,2003,Kedah
Sg. Ketil,20/10,22/10,2003,Kedah
Sg. Kupang,20/10,22/10,2003,Kedah
Sg. Muda,3/10,13/10,2003,Kedah
Sg. Muda,21/10,26/10,2003,Kedah
Sg. Lahar Tiang,3/10,13/10,2003,Kedah
Sg. Tembus,3/10,13/10,2003,Kedah
Sg. Lahar Endin,3/10,13/10,2003,Kedah
Sg. Lokan,3/10,13/10,2003,PulauPinang
Sg. Kereh,3/10,13/10,2003,PulauPinang
Sg. Kulim,2/8,2/8,2003,PulauPinang
Sg. Kulim,17/8,17/8,2003,PulauPinang
Sg. Kulim,8/9,8/9,2003,PulauPinang
Sg. Kulim,3/10,13/10,2003,PulauPinang
Sg. Kulim,25/11,25/11,2003,PulauPinang
Sg. Jarak,21/10,26/10,2003,PulauPinang
Sg. Semambu,17/8,17/8,2003,PulauPinang
Sg. Mengkuang,3/10,5/10,2003,PulauPinang
Sg. Pertama,3/10,5/10,2003,PulauPinang
Sg. Anak Jelutong,5/10,5/10,2003,PulauPinang
Sg. Derhaka,5/10,5/10,2003,PulauPinang
Sg. Permatang Rawa,3/4,3/4,2003,PulauPinang
Sg. Permatang Rawa,8/9,8/9,2003,PulauPinang
Sg. Permatang Rawa,3/10,5/10,2003,PulauPinang
Sg. Permatang Rawa,25/11,25/11,2003,PulauPinang
Sg. Juru,3/10,6/10,2003,PulauPinang
Sg. Kilang Ubi,4/10,6/10,2003,PulauPinang
Sg. Rambai,3/10,5/10,2003,PulauPinang
Sg. Ara,3/10,5/10,2003,PulauPinang
Sg. Permatang Rotan,4/10,5/10,2003,PulauPinang
Sg. Junjong,2/10,7/10,2003,PulauPinang
Sg. Machang Bubok,2/10,5/10,2003,PulauPinang
Sg. Tok Suboh,4/10,6/10,2003,PulauPinang
Sg. Jawi,27/6,27/6,2003,PulauPinang
Sg. Jawi,4/10,4/10,2003,PulauPinang
Sg. Jawi,6/10,6/10,2003,PulauPinang
Sg. Pinang,3/10,5/10,2003,PulauPinang
Sg. Air Hitam,3/10,5/10,2003,PulauPinang
Sg. Jelutong,3/10,5/10,2003,PulauPinang
Prangin Canal S-10,Prangin Canal S-10,5/10,2003,PulauPinang
Sg. Bayan Lepas,4/10,5/10,2003,PulauPinang
Sg. Kampung SeroNo.k,4/10,5/10,2003,PulauPinang
Sg. Pulau Betong,4/10,5/10,2003,PulauPinang
Sg. Poley,4/10,5/10,2003,PulauPinang
Sg. Telok Kumbar,4/10,5/10,2003,PulauPinang
Sg. Batu,4/10,5/10,2003,PulauPinang
Sg. Kampung Masjid,4/10,5/10,2003,PulauPinang
Sg. Burong,4/10,6/10,2003,PulauPinang
Sg. Bagan Air Hitam,4/10,6/10,2003,PulauPinang
Sg. Korok,4/10,6/10,2003,PulauPinang
Sg. Nipah,4/10,6/10,2003,PulauPinang
Sg. Telok Bahang,4/10,6/10,2003,PulauPinang
Sg. Telok Awak,4/10,6/10,2003,PulauPinang
Sg. Pinang,4/10,6/10,2003,PulauPinang
Sg. Rusa,4/10,6/10,2003,PulauPinang
Sg. Ara,4/10,6/10,2003,PulauPinang
Sg. Kerian / Sg. Selama,4/10,7/10,2003,Perak
Sg. Ijok,4/10,7/10,2003,Perak
Sg. Kurau,5/10,13/10,2003,Perak
Sg. Kurau / Sg. Ara,4/10,7/10,2003,Perak
Sg. Dinding,26/10,28/10,2003,Perak
Sg. Perak,16/5,17/5,2003,Perak
Sg. Perak,10/10,15/10,2003,Perak
Sg. Perak,22/10,29/10,2003,Perak
Sg. Perak,5/11,5/11,2003,Perak
Sg. Perak,4/11,23/11,2003,Perak
Sg. Perak/ Sg. Kinta,8/11,23/11,2003,Perak
Sg. Perak / Sg. Kayan,28/10,30/10,2003,Perak
Sg. Kelah,2/10,2/10,2003,Perak
Sg. Rokam / Sg. Pinji,27/3,27/3,2003,Perak
Sg. Rokam / Sg. Pinji,29/3,29/3,2003,Perak
Sg. Rokam / Sg. Pinji,3/3,4/3,2003,Perak
Sg. Rapat,27/3,27/3,2003,Perak
Sg. Rapat,29/3,29/3,2003,Perak
Sg. Rapat,3/3,4/3,2003,Perak
Sg. Rapat,6/11,6/11,2003,Perak
Sg. Keroh,30/3,30/3,2003,Perak
Sg. Kopisan,3/3,4/3,2003,Perak
Sg. Senam,3/3,4/3,2003,Perak
Sg. Sejuk,6/11,6/11,2003,Perak
Sg. Selabak,15/5,15/5,2003,Perak
Sg. Baung/ Sg. Sungkai,10/10,14/10,2003,Perak
Sg. Pahlawan/ Sg. Chikus / Sg. Seluang,10/10,14/10,2003,Perak
Sg. Sungkai Mati / Sg. Jelawat,24/11,27/11,2003,Perak
Sg. Kangsar,23/9,29/9,2003,Perak
Sg. Lenggong,21/4,21/4,2003,Perak
Sg. Lenggong,4/10,4/10,2003,Perak
Sg. Lenggong,8/11,8/11,2003,Perak
Sg. Kuak,3/10,4/10,2003,Perak
Sg. Jepai,4/10,4/10,2003,Perak
Sg. Temelong,4/10,4/10,2003,Perak
Sg. Temelong,24/10,24/10,2003,Perak
Sg. Temelong,20/11,20/11,2003,Perak
Sg. Pelus,9/10,9/10,2003,Perak
Sg. Pelus,20/11,20/11,2003,Perak
Sg. Nerok,4/11,4/11,2003,Perak
Sg. Nerok,9/11,9/11,2003,Perak
Sg. Tampan,4/11,4/11,2003,Perak
Sg. Inki / Sg. Bernam,2/5,2/5,2003,Selangor
Sg. Bernam,11/11,14/11,2003,Selangor
Sg. Bernam,18/11,18/11,2003,Selangor
Sg. Kerling,2/5,2/5,2003,Selangor
Sg. Kelawai / Sg. Kerling,2/5,2/5,2003,Selangor
Sg. Kelawai / Sg. Kerling,1/6,1/6,2003,Selangor
Sg. Kelawai / Sg. Kerling,11/11,11/11,2003,Selangor
Sg. Kuang / Sg. Rawang,13/8,13/8,2003,Selangor
Sg. Kuang / Sg. Rawang,17/11,17/11,2003,Selangor
Sg. Buloh,8/3,8/3,2003,Selangor
Sg. Buloh,14/4,14/4,2003,Selangor
Sg. Buloh,2/5,2/5,2003,Selangor
Sg. Buloh,16/11,16/11,2003,Selangor
Sg. Pelong,7/5,7/5,2003,Selangor
Sg. Pelong,16/7,16/7,2003,Selangor
Sg. Pelong,13/8,13/8,2003,Selangor
Sg. Pelong,31/10,31/10,2003,Selangor
Sg. Pelong,3/12,3/12,2003,Selangor
Sg. Kuyoh,21/2,21/2,2003,Selangor
Sg. Kuyoh,7/5,7/5,2003,Selangor
Sg. Kuyoh,15/7,15/7,2003,Selangor
Sg. Kuyoh,21/7,21/7,2003,Selangor
Sg. Kuyoh,12/8,12/8,2003,Selangor
Sg. Kuyoh,27/9,27/9,2003,Selangor
Sg. Kuyoh,31/10,31/10,2003,Selangor
Sg. Kuyoh,7/11,7/11,2003,Selangor
Sg. Kuyoh,24/12,24/12,2003,Selangor
Sg. Damansara / Sg. Klang,3/12,3/12,2003,Selangor
Sg. Damansara,7/5,7/5,2003,Selangor
Sg. Damansara,16/7,16/7,2003,Selangor
Sg. Damansara,13/8,13/8,2003,Selangor
Sg. Damansara,31/10,31/10,2003,Selangor
Sg. Baru,8/11,8/11,2003,Selangor
Sg. Klang,25/1,25/1,16/7,2/10
Sg. Klang,8/3,8/3,16/7,2/10
Sg. Klang,13/3,13/3,16/7,2/10
Sg. Klang,8/4,8/4,16/7,2/10
Sg. Klang,19/4,19/4,16/7,2/10
Sg. Klang,7/5,7/5,16/7,2/10
Sg. Langat,13/4,13/4,25/6,17/11
Sg. Lui/ Sg. Paya Lebar,12/11,13/11,2003,Selangor
Sg. Lui/ Sg. Paya Lebar,16/11,16/11,2003,Selangor
Sg. Labu,8/4,8/4,24/6,16/7
Sg. Klang,25/1,25/1,2003,KualaLumpur
Sg. Klang,8/3,8/3,2003,KualaLumpur
Sg. Klang,13/3,13/3,2003,KualaLumpur
Sg. Klang,8/4,8/4,2003,KualaLumpur
Sg. Klang,19/4,19/4,2003,KualaLumpur
Sg. Klang,7/5,7/5,2003,KualaLumpur
Sg. Klang,10/6,10/6,2003,KualaLumpur
Sg. Klang,16/7,16/7,2003,KualaLumpur
Sg. Klang,21/7,21/7,2003,KualaLumpur
Sg. Klang,2/10,2/10,2003,KualaLumpur
Sg. Klang,14/11,17/11,2003,KualaLumpur
Sg. Klang,8/12,8/12,2003,KualaLumpur
Sg. Gombak,10/6,10/6,2003,KualaLumpur
Sg. Kerayong,10/6,10/6,2003,KualaLumpur
Sg. Kerayong,21/6,21/6,2003,KualaLumpur
Sg. Kerayong,17/11,17/11,2003,KualaLumpur
Sg. Batu,10/6,10/6,2003,KualaLumpur
Sg. Bunus,10/6,10/6,2003,KualaLumpur
Sg. Bunus,21/7,21/7,2003,KualaLumpur
Sg. Bunus,14/8,14/8,2003,KualaLumpur
Sg. Sarang Buaya,8/12,9/12,2003,Johor
Sg. Jemaluang,8/12,9/12,2003,Johor
Sg. Jemaluang / Sg. Paya Dato,8/12,9/12,2003,Johor
Sg. Mersing,8/12,9/12,2003,Johor
Sg. Derhaka / Pt. Tahan,8/12,9/12,2003,Johor
Sg. Endau / Sg. Padang,8/12,9/12,2003,Johor
Sg. Endau / Pt. Besar Semanyir,8/12,9/12,2003,Johor
Sg. Tekedai,8/12,9/12,2003,Johor
Sg. Triang Kecil,8/12,9/12,2003,Johor
Sg. Endau / Sg. Semaloi,8/12,9/12,2003,Johor
Sg. Rompin / Sg. Keratong,23/1,1/2,2003,Pahang
Sg. Pahang,13/1,22/1,2003,Pahang
Sg. Pahang / Sg. Semantan,30/6,1/7,2003,Pahang
Sg. Pahang / Sg. Semantan,1/6,1/6,2003,Pahang
Sg. Pahang / Sg. Semantan,1/7,1/7,2003,Pahang
Sg. Kuantan / Sg. Kenau / Sg. Pinang,9/12,9/12,2003,Pahang
Sg. Kuantan / Sg. Belat,9/12,10/12,2003,Pahang
Sg. Kuantan / Sg. Galing Kechil / Sg. Pandan,9/12,9/12,2003,Pahang
Sg. Kuantan / Sg. Galing Kechil / Sg. Pandan,13/12,13/12,2003,Pahang
Sg. Kuantan / Sg. Panching / Sg. Riau,9/12,11/12,2003,Pahang
Sg. Kuantan / Sg. Isap / Sg. Belat / Parit Jawa / Sg. Pandan / Sg. Tiram / Sg. Galing Besar,9/12,13/12,2003,Pahang
Sg. Kemasik,29/11,2/12,2003,Terengganu
Sg. Ibok,29/11,2/12,2003,Terengganu
Sg. Pinang,30/11,2/12,2003,Terengganu
Sg. Tebak,1/12,2/12,2003,Terengganu
Sg. Kertih,29/11,2/12,2003,Terengganu
Sg. Dungun,29/11,2/12,2003,Terengganu
Sg. Mercang,29/11,2/12,2003,Terengganu
Sungai Marang,1/12,2/12,2003,Terengganu
Sungai Rinting / Sg. Kijing,29/11,2/12,2003,Terengganu
Sg. Ibai,2/12,2/12,2003,Terengganu
Sungai Nerus,2/12,2/12,2003,Terengganu
Sungai Tererngganu,9/12,13/12,2003,Terengganu
Sungai Telemong,9/12,13/12,2003,Terengganu
Sungai Menerong,9/12,13/12,2003,Terengganu
Sg. Setiu,9/12,13/12,2003,Terengganu
Sg. Penarik,9/12,13/12,2003,Terengganu
Sg. Besut,12/12,12/12,2003,Terengganu
Sg. Jerteh,9/12,10/12,2003,Terengganu
Sg. Pergau,8/12,10/12,2003,Terengganu
Sg.Tadus,8/12,10/12,2003,Terengganu
Sg. Sat,9/12,16/12,2003,Terengganu
Sg. Bagan,9/12,16/12,2003,Terengganu
Sg. Kual,9/12,16/12,2003,Terengganu
Sg. Kemubu,9/12,16/12,2003,Terengganu
Sg. Kelantan,9/12,15/12,2003,Terengganu
Sg.Galas,9/12,15/12,2003,Terengganu
Sg. Geh,9/12,15/12,2003,Terengganu
Sg. Kerukut,9/12,15/12,2003,Terengganu
Sg. Nal,9/12,15/12,2003,Terengganu
Sg. KeNo.r Mati,9/12,15/12,2003,Terengganu
Sg. KeNo.r,9/12,15/12,2003,Terengganu
Sg. Enggong,9/12,15/12,2003,Terengganu
Sg. Stong Kecil,9/12,15/12,2003,Terengganu
Sg. Krai / Sg.Tebing,9/12,15/12,2003,Terengganu
Sg. Pas,9/12,15/12,2003,Terengganu
Sg. Durian,9/12,15/12,2003,Terengganu
Sg. Lanas,8/12,10/12,2003,Terengganu
Sg. Buloh,8/12,10/12,2003,Terengganu
Sg. Golok,10/12,16/12,2003,Terengganu
Sg. Tabanak,22/12,22/12,2003,Sabah
Sg. Tabanak,29/12,29/12,2003,Sabah
Sg. Sepagaya,29/12,29/12,2003,Sabah
Sg. Panchuran,29/12,29/12,2003,Sabah
Sg. Kinabatangan,6/12/03/1/04,6/12/03/1/04,2003,Sabah
Sg. Kebatasan,21/12,22/12,2003,Sabah
Sg. Taka,21/12,22/12,2003,Sabah
Sg. Tandek,21/12,22/12,2003,Sabah
Sg. Rasak Darat,21/12,22/12,2003,Sabah
Sg. Bongon,21/12,22/12,2003,Sabah
Sg. Bandau,21/12,22/12,2003,Sabah
Sg. Baribawa,10/9,10/9,2003,Sabah
Sg. Padas,9/10,11/10,2003,Sabah
Sg. Sarawak,23/1,26/1,2003,Sarawak
Sg. Sarawak,3/2,8/2,2003,Sarawak
Sg. Sarawak,2/4,2/4,2003,Sarawak
Sg. Sarawak,2/5,2/5,2003,Sarawak
Sg. Kereh,7/11,9/11,2004,PulauPinang
Sg. Jarak,7/11,9/11,2004,PulauPinang
Sg. Kulim,24/9,27/9,2004,PulauPinang
Sg. Kulim,1/11,1/11,2004,PulauPinang
Sg. Kilang Ubi,21/4,21/4,2004,PulauPinang
Sg. Juru,16/11,16/11,2004,PulauPinang
Sg. Machang Bubok,25/4,25/4,2004,PulauPinang
Sg. Bukit Teh,25/4,25/4,2004,PulauPinang
Sg. Tasek Junjong,24/9,24/9,2004,PulauPinang
Sg. Pinang,26/7,27/7,2004,PulauPinang
Sg. Kerian,29/6,30/6,2004,Perak
Sg. Kerian,16/7,16/7,2004,Perak
Sg. Kerian,29/10,29/10,2004,Perak
Sg. Ijok / Sg. Dendang,25/11,26/11,2004,Perak
Sg. Kurau / Sg. Ara,30/9,30/9,2004,Perak
Sg. Jebong,28/9,30/9,2004,Perak
Sg. Batu,16/11,18/11,2004,Perak
Prt. Saliran Ladang,16/11,18/11,2004,Perak
Sg. Pundut,7/12,8/12,2004,Perak
Sg. Air Tawar,12/12,13/12,2004,Perak
Sg. Perak / Sg. Kayan,28/10,30/10,2004,Perak
Sg. Lenggong,6/2,6/2,2004,Perak
Sg. Lenggong,13/10,13/10,2004,Perak
Sg. Lenggong,22/10,22/10,2004,Perak
Sg. Lenggong,13/11,13/11,2004,Perak
Sg. Nerok,6/2,6/2,2004,Perak
Sg. Nerok,28/9,29/9,2004,Perak
Sg. Nerok,13/10,13/10,2004,Perak
Sg. Nerok,22/10,22/10,2004,Perak
Sg. Nerok,13/11,13/11,2004,Perak
Sg. Pelus,28/9,28/9,2004,Perak
Sg. Kopisan,5/4,5/4,2004,Perak
Sg. Pinji,5/10,5/10,2004,Perak
Sg. Pinji,15/10,15/10,2004,Perak
Alur Bukit Chante,10/11,10/11,2004,Perak
Sg. Rapat,15/10,15/10,2004,Perak
Sg. Rapat,25/11,25/11,2004,Perak
Sg. Pari,9/11,9/11,2004,Perak
Sg. Resam,23/12,23/12,2004,Perak
Sg. Bernam,7/11,7/11,2004,Selangor
Sg. Kuang / Sg. Rawang,7/9,7/9,2004,Selangor
Sg. Kuang / Sg. Rawang,20/10,20/10,2004,Selangor
Sg. Kuang / Sg. Rawang,5/11,5/11,2004,Selangor
Sg. Kelawai,27/9,27/9,2004,Selangor
Sg. Buloh,22/2,22/2,2004,Selangor
Sg. Buloh,16/7,16/7,2004,Selangor
Sg. Buloh,5/11,5/11,2004,Selangor
Sg. Pelumut,5/3,5/3,2004,Selangor
Sg. Binjai,13/11,14/11,2004,Selangor
Sg. Kuyoh,5/1,5/1,2004,Selangor
Sg. Kuyoh,2/4,2/4,2004,Selangor
Sg. Kuyoh,5/4,5/4,2004,Selangor
Sg. Kuyoh,21/10,21/10,2004,Selangor
Sg. Kuyoh,5/11,5/11,2004,Selangor
Sg. Damansara,20/1,20/1,2004,Selangor
Sg. Damansara,2/4,2/4,2004,Selangor
Sg. Damansara,5/4,5/4,2004,Selangor
Sg. Damansara,28/5,28/5,2004,Selangor
Sg. Damansara,29/9,29/9,2004,Selangor
Sg. Damansara,5/11,5/11,2004,Selangor
Sg. Damansara,12/11,12/11,2004,Selangor
Sg. Damansara,15/11,15/11,2004,Selangor
Sg. Hitam,5/11,5/11,2004,Selangor
Sg. Klang,2/4,2/4,2004,Selangor
Sg. Klang,15/7,15/7,2004,Selangor
Sg. Klang,17/7,17/7,2004,Selangor
Sg. Klang,5/11,5/11,2004,Selangor
Sg. Klang,24/11,24/11,2004,Selangor
Sg. Labu,20/2,20/2,2004,Selangor
Sg. Labu,2/11,2/11,2004,Selangor
Sg. Labu,5/11,7/11,2004,Selangor
Sg. Langat,2/4,2/4,2004,Selangor
Sg. Langat,21/10,21/10,2004,Selangor
Sg. Langat,5/11,5/11,2004,Selangor
Sg. Langat,12/11,12/11,2004,Selangor
Sg. Lui,5/11,5/11,2004,Selangor
Sg. Klang,2/4,2/4,2004,KualaLumpur
Sg. Klang,27/5,27/5,2004,KualaLumpur
Sg. Klang,15/7,15/7,2004,KualaLumpur
Sg. Klang,17/7,17/7,2004,KualaLumpur
Sg. Klang,5/11,5/11,2004,KualaLumpur
Sg. Klang,24/11,24/11,2004,KualaLumpur
Sg. Kerayong,8/2,8/2,2004,KualaLumpur
Sg. Gombak,16/7,16/7,2004,KualaLumpur
Sg. Batu,16/7,16/7,2004,KualaLumpur
Sg. Linggi,17/7,18/7,2004,NegeriSembilan
Sg. Ibor,17/7,17/7,2004,NegeriSembilan
Sg. Pedas,17/7,17/7,2004,NegeriSembilan
Sg. Rembau,17/7,18/7,2004,NegeriSembilan
Sg. Melekek,11/7,12/7,2004,Melaka
Sg. Durian Daun,20/7,20/7,2004,Melaka
Sg. Merlimau,16/7,16/7,2004,Melaka
Sg. Kesang,20/7,20/7,2004,Melaka
Sg. Kesang,30/9,30/9,2004,Melaka
Sg. Kesang,3/11,3/11,2004,Melaka
Sg. Gadek,3/11,3/11,2004,Melaka
Sg. Kundur,17/7,17/7,2004,Johor
Sg. Rompin,6/2,6/2,2004,Pahang
Sg. Bentong,13/1,13/1,2004,Pahang
Sg. Bentong,9/11,9/11,2004,Pahang
Sg. Pahang,8/12,11/12,2004,Pahang
Sg. Tekai,9/11,9/11,2004,Pahang
Sg. Kuantan,8/12,11/12,2004,Pahang
Sg. Puyu,29/11,29/11,2004,Terengganu
Sg. Rasau,29/11,29/11,2004,Terengganu
Sg.Tualang,29/11,29/11,2004,Terengganu
Sg.Telipot,29/11,29/11,2004,Terengganu
Sg. Abal,29/11,29/11,2004,Terengganu
Sg. Alor Tok Darasat,29/11,29/11,2004,Terengganu
Sg. Danan,29/11,29/11,2004,Terengganu
Sg. Gali,29/11,29/11,2004,Terengganu
Sg. Telipot,29/11,29/11,2004,Terengganu
Sg. Lubuk Batu,29/11,29/11,2004,Terengganu
Sg. Panchor Ara,29/11,29/11,2004,Terengganu
Sg. Seligi,29/11,29/11,2004,Terengganu
Sg. Kusial,8/12,12/12,2004,Terengganu
Sg. Kelantan,29/1,30/1,2004,Terengganu
Sg. Kelantan,8/12,16/12,2004,Terengganu
Sg. Paku,8/12,12/12,2004,Terengganu
Sg. Galas,29/1,30/1,2004,Terengganu
Sg. Geh,29/1,30/1,2004,Terengganu
Sg. Kerukut,29/1,30/1,2004,Terengganu
Sg. Nal,29/1,30/1,2004,Terengganu
Sg. Nal,10/12,15/12,2004,Terengganu
Sg. KeNo.r Mati,29/1,30/1,2004,Terengganu
Sg. KeNo.r,29/1,30/1,2004,Terengganu
Sg. KeNo.r,10/12,15/12,2004,Terengganu
Sg. Enggong,29/1,30/1,2004,Terengganu
Sg. Stong Kecil,29/1,30/1,2004,Terengganu
Sg. Krai,29/1,30/1,2004,Terengganu
Sg. Krai,10/12,15/12,2004,Terengganu
Sg. Tebing,29/1,30/1,2004,Terengganu
Sg. Tebing,10/12,15/12,2004,Terengganu
Sg. Pas,29/1,30/1,2004,Terengganu
Sg. Tasin,29/1,30/1,2004,Terengganu
Sg. Durian,29/1,30/1,2004,Terengganu
Sg. Durian,10/12,15/12,2004,Terengganu
Sg. Pergau,10/12,11/12,2004,Terengganu
Sg. Taduh,10/12,11/12,2004,Terengganu
Sg. Balah,10/12,11/12,2004,Terengganu
Sg. Keroh,10/12,15/12,2004,Terengganu
Sg. Pahi,10/12,15/12,2004,Terengganu
Sg. Pertang,10/12,15/12,2004,Terengganu
Sg. Sok,10/12,15/12,2004,Terengganu
Sg. Sam,10/12,15/12,2004,Terengganu
Sg. Peria,10/12,15/12,2004,Terengganu
Sg. Gatal,10/12,15/12,2004,Terengganu
Sg. Sat,10/12,15/12,2004,Terengganu
Sg. Kemubu,10/12,15/12,2004,Terengganu
Sg. Bagan,10/12,15/12,2004,Terengganu
Sg. Kinabutan Kecil,1/5,1/5,2004,Sabah
Sg. Kinabutan Kecil,25/8,25/8,2004,Sabah
Sg. Tawau,25/8,25/8,2004,Sabah
Sg. Kinabatangan,15/12/04/1/05,15/12/04/1/05,2004,Sabah
Sg. Tandek,25/1,25/1,2004,Sabah
Sg. Bongon,25/1,25/1,2004,Sabah
Sg. Bandau,25/1,25/1,2004,Sabah
Sg. Bintasan,25/1,25/1,2004,Sabah
Sg. Mengaris,25/1,25/1,2004,Sabah
Sg. Tiku,5/1,5/1,2004,Sabah
Sg. Tiku,25/8,25/8,2004,Sabah
Sg. Perlis,17/12,25/12,2005,Perlis
Sg. Arau,17/12,24/12,2005,Perlis
Sg. Pdg. Terap,18/12,22/12,2005,Kedah
Sg. Tg. Pauh,18/12,22/12,2005,Kedah
Sg. Alor Madi,18/12,22/12,2005,Kedah
Sg. Kubang Rotan,18/12,22/12,2005,Kedah
Sg. Baru,18/12,22/12,2005,Kedah
Sg. Pdg. Sanai,19/12,19/12,2005,Kedah
Sg. Ketil,16/10,16/10,2005,Kedah
Sg. Langkawi,17/12,17/12,2005,Kedah
Sg. Kulim,15/9,18/9,2005,PulauPinang
Sg. Machang Bubok,15/7,15/7,2005,PulauPinang
Sg. Pinang,3/11,3/11,2005,PulauPinang
Sg. Jelutong,3/11,3/11,2005,PulauPinang
Sg. Teras,28/2,28/2,2005,Perak
Sg. Jarum Mas,30/11,30/11,2005,Perak
Sg. Perak,1/1,10/1,2005,Perak
Sg. Perak,15/7,19/7,2005,Perak
Sg. Perak,19/10,20/10,2005,Perak
Sg. Perak,11/12,31/12,2005,Perak
Sg. Jelawat / Sg. Bidor,19/10,20/10,2005,Perak
Sg. Bidor / Sg. Sungkai,19/10,20/10,2005,Perak
Sg. Chikus /,Sg.-Sg.,Sg.-Sg.,Manik,/
Sg. Kelawai,27/9,27/9,2005,Selangor
Sg. Kuang/ Sg. Rawang,26/3,26/3,2005,Selangor
Sg. Kuang/ Sg. Rawang,18/8,18/8,2005,Selangor
Sg. Paya Jaras / Sg. Buloh,27/2,27/2,2005,Selangor
Sg. Paya Jaras / Sg. Buloh,24/4,24/4,2005,Selangor
Sg. Paya Jaras / Sg. Buloh,13/10,13/10,2005,Selangor
Sg. Damansara,27/2,27/2,2005,Selangor
Sg. Damansara,26/10,26/10,2005,Selangor
Sg. Klang,10/1,10/1,2005,Selangor
Sg. Klang,28/3,28/3,2005,Selangor
Sg. Klang,15/7,15/7,2005,Selangor
Sg. Klang,15/10,15/10,2005,Selangor
Sg. Klang,20/10,20/10,2005,Selangor
Sg. Klang,22/10,22/10,2005,Selangor
Sg. Klang,10/11,10/11,2005,Selangor
Sg. Klang,30/11,30/11,2005,Selangor
Sg. Klang,25/12,25/12,2005,Selangor
Sg. Klang,29/12,29/12,2005,Selangor
Sg. Klang / Sg. Kapar Besar,4/11,4/11,2005,Selangor
Sg. Labu,27/2,27/2,2005,Selangor
Sg. Labu,3/4,3/4,2005,Selangor
Sg. Sompo,4/4,4/4,2005,Selangor
Sg. Langat / Sg. Lui,24/5,24/5,2005,Selangor
Sg. Langat / Sg. Lui,13/10,13/10,2005,Selangor
Sg. Langat / Sg. Lui,12/12,12/12,2005,Selangor
Sg. Klang,10/1,10/1,2005,KualaLumpur
Sg. Klang,28/3,28/3,2005,KualaLumpur
Sg. Klang,15/7,15/7,2005,KualaLumpur
Sg. Klang,15/10,15/10,2005,KualaLumpur
Sg. Klang,20/10,20/10,2005,KualaLumpur
Sg. Klang,22/10,22/10,2005,KualaLumpur
Sg. Klang,10/11,10/11,2005,KualaLumpur
Sg. Klang,30/11,30/11,2005,KualaLumpur
Sg. Klang,25/12,25/12,2005,KualaLumpur
Sg. Klang,29/12,29/12,2005,KualaLumpur
Sg. Kerayong,22/4,22/4,2005,KualaLumpur
Sg. Keroh,13/10,13/10,2005,KualaLumpur
Sg. Batu,30/12,30/12,2005,KualaLumpur
Sg. Linggi,3/4,3/4,2005,NegeriSembilan
Sg. Kesang,31/5,31/5,2005,Melaka
Sg. Jempol,4/4,4/4,2005,Johor
Sg. Ghalib,4/4,4/4,2005,Johor
Sg. Anak Air Kayu Ara,19/11,19/11,2005,Johor
Sg. Pah,3/4,3/4,2005,Pahang
Sg. Klawang,3/4,4/4,2005,Pahang
Sg. Durian,12/8,12/8,2005,Terengganu
Sg. Durian,22/11,23/11,2005,Terengganu
Sg. Geh,17/12,19/12,2005,Terengganu
Sg. Kelantan,9/12,16/12,2005,Terengganu
Sg. Kelantan,17/12,29/12,2005,Terengganu
Sg. Sam,22/11,24/11,2005,Terengganu
Sg. Kusial,21/11/1/06,21/11/1/06,2005,Terengganu
Sg. Maka,21/11/1/06,21/11/1/06,2005,Terengganu
Sg. Kepat,21/11/1/06,21/11/1/06,2005,Terengganu
Sg. Jegor,21/11/1/06,21/11/1/06,2005,Terengganu
Sg. Kepat,21/11/1/06,21/11/1/06,2005,Terengganu
Sg. Pergau,21/11/1/06,21/11/1/06,2005,Terengganu
Sg. Taduh,22/12,23/12,2005,Terengganu
Sg. Balah,22/12,23/12,2005,Terengganu
Sg. Kerak,23/11,24/11,2005,Terengganu
Sg. Baka,23/11,24/11,2005,Terengganu
Sg. Kemubu,8/12,11/12,2005,Terengganu
Sg. Kemubu,17/12,18/12,2005,Terengganu
Sg. Bagan,8/12,11/12,2005,Terengganu
Sg. Bagan,17/12,18/12,2005,Terengganu
Sg. Golok,17/12,29/12,2005,Terengganu
Sg. Kajang,21/11/1/06,21/11/1/06,2005,Terengganu
Sg. Tanah Merah,21/11/1/06,21/11/1/06,2005,Terengganu
Sg. Jedok,21/11/1/06,21/11/1/06,2005,Terengganu
Sg. Asahan,21/11/1/06,21/11/1/06,2005,Terengganu
Sg. Kelisar,21/11/1/06,21/11/1/06,2005,Terengganu
Sg. Air Batu,21/11/1/06,21/11/1/06,2005,Terengganu
Sg. Sendok,21/11/1/06,21/11/1/06,2005,Terengganu
Sg. Lanas,21/11/1/06,21/11/1/06,2005,Terengganu
Sg. Buluh,21/11/1/06,21/11/1/06,2005,Terengganu
Sg. Kinabatangan,21/12/04/1/05,21/12/04/1/05,2005,Sabah
Sg. Telipok,17/7,17/7,2005,Sabah
Sg. Buluh,21/10,22/10,2006,Perlis
Sg. Alor Mentalun,21/10,22/10,2006,Perlis
Sg. Arau,21/10,22/10,2006,Perlis
Sg. Kedah,20/10,27/10,2006,Kedah
Sg. Pdg. Terap,20/10,27/10,2006,Kedah
Sg. Tg. Pauh,20/10,27/10,2006,Kedah
Sg. Alor Madi,20/10,27/10,2006,Kedah
Sg. Kubang Rotan,20/10,27/10,2006,Kedah
Sg. Pendang,20/10,23/10,2006,Kedah
Sg. Bata,20/10,23/10,2006,Kedah
Sg. Pering,20/10,23/10,2006,Kedah
Sg. Kupang,20/10,20/10,2006,Kedah
Sg. Kupang,8/11,8/11,2006,Kedah
Sg. Ketil,20/10,20/10,2006,Kedah
Sg. Ketil,8/11,8/11,2006,Kedah
Sg. Tebuan,20/10,20/10,2006,Kedah
Sg. Ijok,16/11,16/11,2006,Perak
Sg. Segar,16/11,16/11,2006,Perak
Sg. Kerian,23/10,23/10,2006,Perak
Sg. Beriah,23/10,26/10,2006,Perak
Sg. Beriah,11/11,11/11,2006,Perak
Sg. Beriah,13/11,22/11,2006,Perak
Sg. Beriah,11/12,11/12,2006,Perak
Sg. Beriah,27/12,27/12,2006,Perak
Sg. Bukit Gantang,25/10,25/10,2006,Perak
Sg. Bukit Gantang,16/11,17/11,2006,Perak
Sg. Kurau / Sg. Ara,25/10,27/10,2006,Perak
Sg. Kurau / Sg. Ara,16/11,16/11,2006,Perak
Sg. Relong,6/11,6/11,2006,Perak
Sg. Jebong,25/10,26/10,2006,Perak
Sg. Lumut Kiri / Pt. Hj. Dollah / Sg. Sempit / Pt. Pasir Panjang,26/2,3/3,2006,Perak
Sg. Sempit,30/9,4/10,2006,Perak
Sg. Dendang,16/11,16/11,2006,Perak
Sg. Rotan,1/12,1/12,2006,Perak
Sg. Kepayang,21/3,21/3,2006,Perak
Sg. Pelus,20/4,20/4,2006,Perak
Sg. Pelus,4/9,4/9,2006,Perak
Sg. Kangsar,24/10,24/10,2006,Perak
Sg. Kangsar,29/11,30/11,2006,Perak
Sg. Biong,24/10,24/10,2006,Perak
Sg. Jeliang,24/10,24/10,2006,Perak
Sg. Chempias,29/11,30/11,2006,Perak
Sg. Nerok,8/4,8/4,2006,Perak
Sg. Nerok,26/4,26/4,2006,Perak
Sg. Nerok,20/5,20/5,2006,Perak
Sg. Nerok,30/7,30/7,2006,Perak
Sg. Temelong,19/4,19/4,2006,Perak
Sg. Lenggong,20/5,20/5,2006,Perak
Sg. Nerok / Sg. Lenggong,21/9,21/9,2006,Perak
Sg. Kenering,9/11,9/11,2006,Perak
Sg. Kenderong/ Sg. Hangai / Sg. Air Tawar,15/11,15/11,2006,Perak
Sg. Temelong / Sg. Lenggong,30/11,30/11,2006,Perak
Sg. Pari,20/4,20/4,2006,Perak
Sg. Pari,13/5,13/5,2006,Perak
Sg. Pari,24/10,24/10,2006,Perak
Sg. Chemor,20/4,20/4,2006,Perak
Sg. Jernih,4/5,4/5,2006,Perak
Sg. Rapat,15/5,15/5,2006,Perak
Sg. Kati,20/10,20/10,2006,Perak
Sg. Chepor,24/10,24/10,2006,Perak
Sg. Kinta,24/10,24/10,2006,Perak
Sg. Batu,25/11,28/11,2006,Perak
Sg. Resam,26/11,26/11,2006,Perak
Sg. Pinji,12/12,12/12,2006,Perak
Sg. Chenderiang,9/7,9/7,2006,Perak
Sg. Menderang,25/10,25/10,2006,Perak
Sg. Bikam,25/10,25/10,2006,Perak
Sg. Julur,25/10,25/10,2006,Perak
Sg. Sungkai,25/10,25/10,2006,Perak
Sg. Klah,25/10,25/10,2006,Perak
Sg. Klah,15/11,15/11,2006,Perak
Sg. Perak / Sg. Bidor,31/3,31/3,2006,Perak
Sg. Perak / Sg. Bidor,27/4,27/4,2006,Perak
Sg. Perak / Sg. Bidor,5/11,5/11,2006,Perak
Sg. Slim,23/10,23/10,2006,Selangor
Sg. Bernam,23/10,23/10,2006,Selangor
Sg. Tenang,4/1,4/1,2006,Selangor
Sg. Kuang,4/5,4/5,2006,Selangor
Sg. Kubu,25/8,25/8,2006,Selangor
Sg. Liam,13/12,13/12,2006,Selangor
Sg. Buloh,6/1,6/1,2006,Selangor
Sg. Buloh,18/5,18/5,2006,Selangor
Sg. Buloh,2/11,2/11,2006,Selangor
Sg. Batu,19/3,19/3,2006,Selangor
Sg. Batu,10/5,10/5,2006,Selangor
Sg. Gombak,1/11,1/11,2006,Selangor
Sg. Pusu,26/3,26/3,2006,Selangor
Sg. Pusu,30/10,30/10,2006,Selangor
Sg. Klang,12/2,12/2,2006,Selangor
Sg. Klang,16/2,16/2,2006,Selangor
Sg. Klang,29/3,29/3,2006,Selangor
Sg. Klang,8/4,9/4,2006,Selangor
Sg. Klang,14/4,14/4,2006,Selangor
Sg. Klang,20/4,20/4,2006,Selangor
Sg. Klang,22/5,22/5,2006,Selangor
Sg. Klang,26/5,26/5,2006,Selangor
Sg. Klang,23/6,23/6,2006,Selangor
Sg. Klang,9/9,9/9,2006,Selangor
Sg. Klang,21/10,21/10,2006,Selangor
Sg. Klang,25/10,25/10,2006,Selangor
Sg. Klang,28/10,28/10,2006,Selangor
Sg. Klang,11/11,11/11,2006,Selangor
Sg. Klang / Sg. Kapar Besar,11/11,11/11,2006,Selangor
Sg. Keruh,10/5,10/5,2006,Selangor
Sg. Damansara,1/1,1/1,2006,Selangor
Sg. Damansara,6/1,6/1,2006,Selangor
Sg. Damansara,23/1,23/1,2006,Selangor
Sg. Damansara,15/2,15/2,2006,Selangor
Sg. Damansara,26/2,26/2,2006,Selangor
Sg. Damansara,5/3,5/3,2006,Selangor
Sg. Damansara,25/8,25/8,2006,Selangor
Sg. Damansara,9/9,9/9,2006,Selangor
Sg. Damansara,20/10,20/10,2006,Selangor
Sg. Damansara,23/10,23/10,2006,Selangor
Sg. Rinching,18/1,18/1,2006,Selangor
Sg. Langat,1/1,5/1,2006,Selangor
Sg. Langat,9/4,9/4,2006,Selangor
Sg. Langat,10/5,10/5,2006,Selangor
Sg. Langat,21/6,21/6,2006,Selangor
Sg. Langat,12/10,12/10,2006,Selangor
Sg. Langat,26/10,26/10,2006,Selangor
Sg. Lui,15/10,15/10,2006,Selangor
Sg. Labu,2/11,2/11,2006,Selangor
Sg. Gombak,1/11,1/11,2006,KualaLumpur
Sg. Klang,12/2,12/2,16/2,29/3
Sg. Keruh,10/5,10/5,2006,KualaLumpur
Sg. Kerayong,6/4,6/4,2006,KualaLumpur
Sg. Kerayong,4/6,4/6,2006,KualaLumpur
Sg. Linggi,18/12,26/12,2006,NegeriSembilan
Sg. Durian Tunggal,3/10,3/10,2006,Melaka
Sg. Durian Tunggal,18/12,26/12,2006,Melaka
Sg. Air Hitam,3/10,3/10,2006,Melaka
Sg. Durian Daun,18/12,26/12,2006,Melaka
Sg. Gapam,18/12,26/12,2006,Melaka
Sg. Parit China,18/12,26/12,2006,Melaka
Sg. Merlimau,18/12,26/12,2006,Melaka
Sg. Tangkak,17/12,21/12,2006,Melaka
Sg. Gersik,17/12,21/12,2006,Melaka
Sg. Muar,17/12,21/12,2006,Johor
Sg. Segamat,17/12,21/12,2006,Johor
Sg. Serom,17/12,21/12,2006,Johor
Sg. Lenga,17/12,21/12,2006,Johor
Sg. Bukit Serampang,17/12,21/12,2006,Johor
Sg. Air Hitam,17/12,21/12,2006,Johor
Sg. Kundang,17/12,21/12,2006,Johor
Sg. Terap / Sg. Raya,17/12,21/12,2006,Johor
Sg. Juasseh,17/12,21/12,2006,Johor
Sg. Labis,17/12,21/12,2006,Johor
Sg. Tenang,17/12,21/12,2006,Johor
Sg. Kapeh,17/12,21/12,2006,Johor
Sg. Chodan,17/12,21/12,2006,Johor
Sg. Jementah,17/12,21/12,2006,Johor
Sg. Jenalim,17/12,21/12,2006,Johor
Sg. Merlimau,17/12,21/12,2006,Johor
Sg. Batu Pahat / Sg. Simpang Kiri,17/12,21/12,2006,Johor
Sg. Batu Pahat / Sg. Bekok,17/12,21/12,2006,Johor
Sg. Batu Pahat / Sg. Sembrong,17/12,21/12,2006,Johor
Sg. Batu Pahat / Sg. Simpang Kanan,17/12,21/12,2006,Johor
Sg. Senggarang,17/12,21/12,2006,Johor
Sg. Lenek,17/12,21/12,2006,Johor
Sg. Bangka,17/12,21/12,2006,Johor
Sg. Chaah,17/12,21/12,2006,Johor
Sg. Bekok,17/12,21/12,2006,Johor
Sg. Benut,18/12,21/12,2006,Johor
Sg. Berumbung,18/12,21/12,2006,Johor
Pt. Hj. Hashim,18/12,21/12,2006,Johor
Sg. Tampok,18/12,21/12,2006,Johor
Sg. Sanglang,17/12,21/12,2006,Johor
Sg. Ayer Baloi,17/12,21/12,2006,Johor
Sg. Pontian Kecil,17/12,21/12,2006,Johor
Sg. Pontian Besar,17/12,21/12,2006,Johor
Sg. Air Hitam,17/12,21/12,2006,Johor
Sg. Rambah,17/12,21/12,2006,Johor
Sg. Pulai / Sg. Ulu Pulai/ Sg. Choh,17/12,21/12,2006,Johor
Sg. Skudai,17/12,21/12,2006,Johor
Sg. Tebrau,17/12,21/12,2006,Johor
Sg. Plentong,17/12,21/12,2006,Johor
Sg. Sayong,17/12,21/12,2006,Johor
Sg. Johor,17/12,21/12,2006,Johor
Sg. Tiram,17/12,21/12,2006,Johor
Sg. Pok Kecil,17/12,21/12,2006,Johor
Sg. Kempas,17/12,21/12,2006,Johor
Sg. Tenglu Besar,17/12,21/12,2006,Johor
Sg. Endau,17/12,21/12,2006,Johor
Sg. Lenggor,17/12,21/12,2006,Johor
Sg. Melantai,17/12,21/12,2006,Johor
Sg. Sembrong Kecil,17/12,21/12,2006,Johor
Sg. Mengkibol,17/12,21/12,2006,Johor
Sg. Kahang,17/12,21/12,2006,Johor
Sg. Marong,17/12,21/12,2006,Johor
Sg. Kelantan,22/12/1/07,22/12/1/07,2006,Terengganu
Sg. Galas,21/12,22/12,2006,Terengganu
Sg. Ketil,21/12,21/12,2006,Terengganu
Sg. Chindai,21/12,21/12,2006,Terengganu
Sg. Kerak,21/12,22/12,2006,Terengganu
Sg. Chiku,21/12,21/12,2006,Terengganu
Sg. Lebir,21/12,22/12,2006,Terengganu
Sg. Kepat,22/12/1/07,22/12/1/07,2006,Terengganu
Sg. Jegor,22/12/1/07,22/12/1/07,2006,Terengganu
Sg. Kusial,22/12/1/07,22/12/1/07,2006,Terengganu
Sg. Golok,21/12/1/07,21/12/1/07,2006,Terengganu
Sg. Kajang,21/12/1/07,21/12/1/07,2006,Terengganu
Sg. Tanah Merah,21/12/1/07,21/12/1/07,2006,Terengganu
Sg. Jedok,21/12/1/07,21/12/1/07,2006,Terengganu
Sg. Rengas,21/12,24/12,2006,Terengganu
Sg. Tasik Garu,21/12,24/12,2006,Terengganu
Sg. Meranti,21/12,24/12,2006,Terengganu
Sg. Sepagaya,2/10,2/10,2006,Sabah
Sg. Segama,11/2,11/2,2006,Sabah
Sg. Kinabatangan,2/1,3/3,2006,Sabah
Sg. Gana,26/6,26/6,2006,Sabah
Sg. Bandau,7/2,9/2,2006,Sabah
Sg. Rampai,26/12,28/12,2006,Sabah
Sg. Tempasuk,25/6,25/6,2006,Sabah
Sg. Tuaran,26/6,26/6,2006,Sabah
Sg. Moyog,26/6,26/6,2006,Sabah
Sg. Kibabaig,26/6,26/6,2006,Sabah
Sg. Kolopis,26/6,26/6,2006,Sabah
Sg. Maang,26/6,26/6,2006,Sabah
Sg. Papar,26/6,26/6,2006,Sabah
Sg. Kinarut,26/6,26/6,2006,Sabah
Sg. Kimanis,26/6,26/6,2006,Sabah
Sg. Bongawan,26/6,26/6,2006,Sabah
Sg. Membakut,25/6,27/6,2006,Sabah
Sg. Padas,25/6,29/6,2006,Sabah
Sg. Pandawan,26/6,26/6,2006,Sabah
Sg. Sarawak Kanan,23/2,23/2,2006,Sarawak
Sg. Sarawak Kanan,18/9,18/9,2006,Sarawak
Sg. Sarawak Kanan,20/12,20/12,2006,Sarawak
Sg. Sarawak Kanan,27/12,27/12,2006,Sarawak
Sg. Sarawak Kanan,30/12,30/12,2006,Sarawak
Sg. Pendang,16/9,20/9,2007,Kedah
Sg. Pendang,2/10,7/10,2007,Kedah
Sg. Pdg. Kerbau,16/9,20/9,2007,Kedah
Sg. Pdg. Kerbau,2/10,7/10,2007,Kedah
Sg. Bata,15/10,15/10,2007,Kedah
Sg. Bata,17/12,21/12,2007,Kedah
Sg. Pering,15/10,15/10,2007,Kedah
Sg. Pering,17/12,21/12,2007,Kedah
Sg. Badak,17/12,21/12,2007,Kedah
Sg. Laka,17/12,21/12,2007,Kedah
Sg. Gurun,14/9,18/9,2007,Kedah
Sg. Udang,14/9,18/9,2007,Kedah
Sg. Merbok,7/9,7/9,2007,Kedah
Sg. Tebuan,22/7,22/7,2007,Kedah
Sg. Muda,7/9,8/9,2007,Kedah
Sg. Muda,18/9,18/9,2007,Kedah
Sg. Muda,17/12,17/12,2007,Kedah
Sg. Muda,20/12,20/12,2007,Kedah
Sg. Langkawi,7/9,7/9,2007,Kedah
Sg. Langkawi,16/9,16/9,2007,Kedah
Sg. Langkawi,30/9,30/9,2007,Kedah
Sg. Derhaka Juru,16/4,16/4,2007,PulauPinang
Sg. Kulim,22/7,22/7,2007,PulauPinang
Sg. Kilang Ubi,27/7,27/7,2007,PulauPinang
Sg. Permatang Rawa,16/4,16/4,2007,PulauPinang
Sg. Permatang Rawa,9/7,9/7,2007,PulauPinang
Sg. Permatang Rawa,27/7,27/7,2007,PulauPinang
Sg. Permatang Rawa,16/9,16/9,2007,PulauPinang
Sg. Permatang Rawa,22/10,22/10,2007,PulauPinang
Sg. Permatang Ara,9/7,9/7,2007,PulauPinang
Sg. Permatang Ara,27/7,27/7,2007,PulauPinang
Sg. Permatang Ara,16/9,16/9,2007,PulauPinang
Sg. Permatang Ara,22/10,22/10,2007,PulauPinang
Sg. Junjung,23/2,23/2,2007,PulauPinang
Sg. Junjung,16/4,16/4,2007,PulauPinang
Sg. Junjung,23/7,23/7,2007,PulauPinang
Sg. Junjung,27/7,27/7,2007,PulauPinang
Sg. Macang Bubok,16/4,16/4,2007,PulauPinang
Sg. Macang Bubok,9/7,9/7,2007,PulauPinang
Sg. Macang Bubok,27/7,27/7,2007,PulauPinang
Sg. Bukit Teh,16/4,16/4,2007,PulauPinang
Sg. Bukit Teh,9/7,9/7,2007,PulauPinang
Sg. Bukit Teh,27/7,27/7,2007,PulauPinang
Sg. Pinang,18/10,18/10,2007,PulauPinang
Sg. Jelutong,18/10,18/10,2007,PulauPinang
Pt. Konkrit,20/10,20/10,2007,PulauPinang
Sg. Bayan Lepas,22/10,22/10,2007,PulauPinang
Sg. Relau,22/10,22/10,2007,PulauPinang
Sg. Rantin,15/8,16/8,2007,Perak
Sg. Rantin,22/12,23/12,2007,Perak
Sg. Larut,1/6,1/6,2007,Perak
Sg. Larut,15/8,16/8,2007,Perak
Sg. Bukit Gantang / Sg. Senduk,4/3,4/3,2007,Perak
Sg. Jaha / Sg. Bukit Gantang,23/12,23/12,2007,Perak
Sg. Batu Tugoh,15/8,15/8,2007,Perak
Sg. Lang,6/3,6/3,2007,Perak
Sg. Beruas,24/7,27/7,2007,Perak
Sg. Perak / Sg. Bidor / Sg. Sungkai / Sg. Chikus / Sg. Manik / Sg. Lampam / Sg. Batang Padang,25/12,25/12,2007,Perak
Sg. Siput Chandan,16/10,16/10,2007,Perak
Sg. Kangsar,20/11,20/11,2007,Perak
Sg. Chempias,20/11,20/11,2007,Perak
Sg. Papan,20/11,21/11,2007,Perak
Sg. Pelus,9/4,9/4,2007,Perak
Sg. Pelus,11/4,11/4,2007,Perak
Sg. Pelus,27/7,27/7,2007,Perak
Sg. Pelus,9/8,9/8,2007,Perak
Sg. Kerdah,9/8,9/8,2007,Perak
Sg. Temelong,19/5,19/5,2007,Perak
Sg. Temelong,9/7,9/7,2007,Perak
Sg. Keneriang,30/9,30/9,2007,Perak
Sg. Keneriang,21/10,21/10,2007,Perak
Sg. Nerok,30/9,30/9,2007,Perak
Sg. Kenderong,11/6,11/6,2007,Perak
Sg. Hangai,11/6,11/6,2007,Perak
Sg. Air Tawar,11/6,11/6,2007,Perak
Sg. Pinji,15/4,16/4,2007,Perak
Sg. Pinji,18/4,18/4,2007,Perak
Sg. Pinji,30/6,30/6,2007,Perak
Sg. Pinji,3/7,3/7,2007,Perak
Sg. Pinji,20/11,20/11,2007,Perak
Sg. Pari,6/3,6/3,2007,Perak
Sg. Slim,20/11,20/11,2007,Selangor
Sg. Serendah,10/6,10/6,2007,Selangor
Sg. Selangor,23/1,23/1,2007,Selangor
Sg. Kuang,10/6,10/6,2007,Selangor
Sg. Buloh,21/1,21/1,2007,Selangor
Sg. Buloh,14/6,14/6,2007,Selangor
Sg. Kuyoh,18/2,18/2,2007,Selangor
Sg. Damansara,21/3,21/3,2007,Selangor
Sg. Damansara,10/6,10/6,2007,Selangor
Sg. Damansara,13/10,13/10,2007,Selangor
Sg. Klang,21/3,21/3,2007,Selangor
Sg. Klang,23/3,23/3,2007,Selangor
Sg. Ampang,10/6,10/6,2007,Selangor
Sg. Batu,3/3,3/3,2007,Selangor
Sg. Batu,20/10,20/10,2007,Selangor
Sg. Pusu,26/9,26/9,2007,Selangor
Sg. Labu,9/6,9/6,2007,Selangor
Sg. Labu,10/9,10/9,2007,Selangor
Sg. Langat,19/2,19/2,2007,Selangor
Sg. Langat,27/4,27/4,2007,Selangor
Sg. Langat,2/6,2/6,2007,Selangor
Sg. Langat,10/6,10/6,2007,Selangor
Sg. Langat,3/9,3/9,2007,Selangor
Sg. Langat,7/10,7/10,2007,Selangor
Sg. Langat,22/10,22/10,2007,Selangor
Sg. Langat,9/11,9/11,2007,Selangor
Sg. Pelek,1/4,1/4,2007,Selangor
Sg. Klang,21/3,21/3,2007,KualaLumpur
Sg. Klang,23/3,23/3,2007,KualaLumpur
Sg. Klang,3/6,3/6,2007,KualaLumpur
Sg. Klang,10/6,10/6,2007,KualaLumpur
Sg. Ampang,10/6,10/6,2007,KualaLumpur
Sg. Kerayong,2/6,2/6,2007,KualaLumpur
Sg. Batu,3/3,3/3,2007,KualaLumpur
Sg. Batu,20/10,20/10,2007,KualaLumpur
Sg. Sirusa,30/7,30/7,2007,NegeriSembilan
Sg. Sirusa,4/9,4/9,2007,NegeriSembilan
Sg. Pak Mail,4/9,4/9,2007,NegeriSembilan
Sg. Puting,4/9,4/9,2007,NegeriSembilan
Pt. Bakar Arang,4/9,4/9,2007,NegeriSembilan
Sg. Linggi,25/2,25/2,2007,NegeriSembilan
Sg. Linggi,30/7,30/7,2007,NegeriSembilan
Sg. Linggi,4/9,4/9,2007,NegeriSembilan
Sg. Paroi,28/11,28/11,2007,NegeriSembilan
Sg. Tanah Merah,30/7,30/7,2007,NegeriSembilan
Sg. Jimah,30/7,30/7,2007,NegeriSembilan
Sg. Jimah,4/9,4/9,2007,NegeriSembilan
Sg. Menyala,30/7,30/7,2007,NegeriSembilan
Sg. Menyala,4/9,4/9,2007,NegeriSembilan
Sg. Saguni,30/7,30/7,2007,NegeriSembilan
Sg. Saguni,4/9,4/9,2007,NegeriSembilan
Sg. Raya,30/7,30/7,2007,NegeriSembilan
Sg. Raya,4/9,4/9,2007,NegeriSembilan
Sg. Linggi,30/7,30/7,2007,NegeriSembilan
Sg. Linggi,4/9,4/9,2007,NegeriSembilan
Pt. Rancangan Saliran Chuah,4/9,4/9,2007,NegeriSembilan
Sg. Bukit Lintang,4/9,4/9,2007,NegeriSembilan
Sg. Rembau,4/9,4/9,2007,NegeriSembilan
Sg. Pedas,4/9,4/9,2007,NegeriSembilan
Sg. Melaka,9/5,9/5,2007,Melaka
Sg. Air Salak,8/9,8/9,2007,Melaka
Sg. Tangkak,11/1,15/1,2007,Melaka
Sg. Gersik,11/1,15/1,2007,Melaka
Sg. Kesang,11/1,15/1,2007,Melaka
Sg. Muar,11/1,15/1,2007,Johor
Sg. Muar,11/12,12/12,2007,Johor
Sg. Segamat,11/1,15/1,2007,Johor
Sg. Serom,11/1,15/1,2007,Johor
Sg. Lenga,11/1,15/1,2007,Johor
Sg. Bukit Serampang,11/1,15/1,2007,Johor
Sg. Air Hitam,11/1,15/1,2007,Johor
Sg. Kundang,11/1,15/1,2007,Johor
Sg. Terap / Sg. Raya,11/1,15/1,2007,Johor
Sg. Juasseh,11/1,15/1,2007,Johor
Sg. Labis,11/1,15/1,2007,Johor
Sg. Tenang,11/1,15/1,2007,Johor
Sg. Kapeh,11/1,15/1,2007,Johor
Sg. Chodan,11/1,15/1,2007,Johor
Sg. Jementah,11/1,15/1,2007,Johor
Sg. Jenalim,11/1,15/1,2007,Johor
Sg. Merlimau,11/1,15/1,2007,Johor
Anak Air Ponting,20/1,20/1,2007,Johor
Sg. Jelai,20/1,20/1,2007,Johor
Anak Air Ulu Bendul,9/3,9/3,2007,Johor
Sg. Batang Pilah,26/4,26/4,2007,Johor
Sg. Gemas,11/12,12/12,2007,Johor
Sg. Batu Pahat / Sg. Simpang Kiri,11/1,15/1,2007,Johor
Sg. Batu Pahat / Sg. Bekok,11/1,15/1,2007,Johor
Sg. Batu Pahat / Sg. Sembrong,11/1,15/1,2007,Johor
Sg. Batu Pahat / Sg. Simpang Kanan,11/1,15/1,2007,Johor
Sg. Senggarang,11/1,15/1,2007,Johor
Sg. Lenek,11/1,15/1,2007,Johor
Sg. Bangka,11/1,15/1,2007,Johor
Sg. Chaah,11/1,15/1,2007,Johor
Sg. Bekok,11/1,15/1,2007,Johor
Sg. Benut,11/1,15/1,2007,Johor
Sg. Berumbung,11/1,15/1,2007,Johor
Pt. Hj. Hashim,11/1,15/1,2007,Johor
Sg. Tampok,11/1,15/1,2007,Johor
Sg. Sanglang,11/1,15/1,2007,Johor
Sg. Ayer Baloi,11/1,15/1,2007,Johor
Sg. Pontian Kecil,11/1,15/1,2007,Johor
Sg. Pontian Besar,11/1,15/1,2007,Johor
Sg. Air Hitam,11/1,15/1,2007,Johor
Sg. Rambah,11/1,15/1,2007,Johor
Sg. Pulai / Sg. Ulu Pulai/ Sg. Choh,11/1,15/1,2007,Johor
Sg. Skudai,11/1,15/1,2007,Johor
Sg. Tebrau,11/1,15/1,2007,Johor
Sg. Plentong,11/1,15/1,2007,Johor
Sg. Sayong,11/1,15/1,2007,Johor
Sg. Johor,11/1,15/1,2007,Johor
Sg. Tiram,11/1,15/1,2007,Johor
Sg. Pok Kecil,11/1,15/1,2007,Johor
Sg. Kempas,11/1,15/1,2007,Johor
Sg. Tenglu  Besar,11/1,15/1,2007,Johor
Sg. Endau,11/1,15/1,2007,Johor
Sg. Lenggor,11/1,15/1,2007,Johor
Sg. Melantai,11/1,15/1,2007,Johor
Sg. Sembrong Kecil,11/1,15/1,2007,Johor
Sg. Mengkibol,11/1,15/1,2007,Johor
Sg. Kahang,11/1,15/1,2007,Johor
Sg. Marong,11/1,15/1,2007,Johor
Sg. Anak Endau,7/12,22/12,2007,Johor
Sg. Pontian,7/12,22/12,2007,Pahang
Sg. Keratong,7/12,22/12,2007,Pahang
Sg. Rompin,7/12,22/12,2007,Pahang
Sg. Sawak,7/12,22/12,2007,Pahang
Sg. Pukin,7/12,22/12,2007,Pahang
Sg. Serting,29/3,29/3,2007,Pahang
Sg. Serting,11/12,13/12,2007,Pahang
Sg. Triang,12/11,12/11,2007,Pahang
Sg. Jerang,12/11,12/11,2007,Pahang
Sg. Kenaboi,12/11,12/11,2007,Pahang
Sg. Pertang,12/11,12/11,2007,Pahang
Sg. Ulu Jelebu,12/11,12/11,2007,Pahang
Sg. Gelami Lemi,12/11,12/11,2007,Pahang
Sg. Chempedak,12/11,12/11,2007,Pahang
Sg. KeNo.r,7/1,9/1,2007,Terengganu
Sg. Pergau,1/7,1/7,2007,Terengganu
Sg. Sat,1/7,1/7,2007,Terengganu
Sg. Bakar,1/7,1/7,2007,Terengganu
Sg. Panyit,1/7,1/7,2007,Terengganu
Sg. Pek,1/7,1/7,2007,Terengganu
Sg. Suda,1/7,1/7,2007,Terengganu
Sg. Kweng Hitam,1/7,1/7,2007,Terengganu
Sg. Kelantan,7/1,10/1,2007,Terengganu
Sg. Golok,7/1,10/1,2007,Terengganu
Sg. Merotai Besar,30/7,30/7,2007,Sabah
Sg. Tawau,30/7,30/7,2007,Sabah
Sg. Kinabutan Besar,30/7,30/7,2007,Sabah
Sg. Bengkoka,3/1,15/1,2007,Sabah
Sg. Tandek,26/12,26/12,2007,Sabah
Sg. Tandek,29/12,29/12,2007,Sabah
Sg. Bongon,1/1,9/1,2007,Sabah
Sg. Bongon,10/1,10/1,2007,Sabah
Sg. Bongon,13/1,13/1,2007,Sabah
Sg. Bandau,3/1,3/1,2007,Sabah
Sg. Bandau,5/1,5/1,2007,Sabah
Sg. Bandau,7/1,7/1,2007,Sabah
Sg. Bandau,8/1,8/1,2007,Sabah
Sg. Bandau,10/1,10/1,2007,Sabah
Sg. Tempasuk,2/5,3/5,5/5,13/6
Sg. Padas,4/1,8/1,2007,Sabah
Sg. Padas,12/1,17/1,2007,Sabah
Sg. Padas,21/3,23/3,2007,Sabah
Btg. Lawas,28/1,28/1,2007,Sarawak
Btg. Terusan,28/1,28/1,2007,Sarawak
Sg. Limbang,27/1,27/1,2007,Sarawak
Sg. Limbang,20/2,20/2,2007,Sarawak
Sg. Tuang,30/11,30/11,2007,Sarawak
Sg. Loba Batu Belat,30/11,30/11,2007,Sarawak
Sg. Sarawak,23/1,23/1,2007,Sarawak
Sg. Sarawak,29/1,29/1,2007,Sarawak
Sg. Kedah,16/10,27/10,2008,Kedah
Sg. Pendang,16/10,27/10,2008,Kedah
Sg. Pdg. Terap,18/10,25/10,2008,Kedah
Sg. Bkt. Pinang,18/10,25/10,2008,Kedah
Sg. Anak Bkt.,18/10,25/10,2008,Kedah
Sg. Nawa,18/10,25/10,2008,Kedah
Sg. Tg. Pauh,22/10,24/10,2008,Kedah
Sg. Bata,22/10,24/10,2008,Kedah
Sg. Alor Madi,22/10,24/10,2008,Kedah
Sg. Pertama,9/6,9/6,2008,PulauPinang
Sg. Pertama,29/9,29/9,2008,PulauPinang
Sg. Pertama,26/11,26/11,2008,PulauPinang
Sg. Derhaka,9/6,9/6,2008,PulauPinang
Sg. Mengkuang Titi,9/6,9/6,2008,PulauPinang
Sg. Permatang Rawa,18/8,18/8,2008,PulauPinang
Sg. Permatang Rawa,9/6,9/6,2008,PulauPinang
Sg. Kilang Ubi,9/6,9/6,2008,PulauPinang
Sg. Rambai,9/6,9/6,2008,PulauPinang
Sg. Rambai,29/9,29/9,2008,PulauPinang
Sg. Junjung,20/3,20/3,2008,PulauPinang
Sg. Junjung,9/6,9/6,2008,PulauPinang
Sg. Junjung,29/9,30/9,2008,PulauPinang
Sg. Machang Bubok,23/5,23/5,2008,PulauPinang
Sg. Jawi,9/10,9/10,2008,PulauPinang
Sg. Pinang,9/6,9/6,2008,PulauPinang
Sg. Pinang,18/8,18/8,2008,PulauPinang
Sg. Pinang,25/8,25/8,2008,PulauPinang
Sg. Pinang,30/9,30/9,2008,PulauPinang
Sg. Pinang,16/10,16/10,2008,PulauPinang
Sg. Jelutong,9/6,9/6,2008,PulauPinang
Sg. Jelutong,18/8,18/8,2008,PulauPinang
Sg. Jelutong,25/8,25/8,2008,PulauPinang
Sg. Jelutong,30/9,30/9,2008,PulauPinang
Sg. Jelutong,16/10,16/10,2008,PulauPinang
Pt. Konkrit (Georgetown),18/8,18/8,2008,PulauPinang
Prangin Canal,25/8,25/8,2008,PulauPinang
Prangin Canal,30/9,30/9,2008,PulauPinang
Sg. Air Putih,9/6,9/6,2008,PulauPinang
Sg. Air Putih,16/10,16/10,2008,PulauPinang
Sg. Air Hitam,9/6,9/6,2008,PulauPinang
Sg. Air Hitam,16/10,16/10,2008,PulauPinang
Sg. Dondang,9/6,9/6,2008,PulauPinang
Sg. Dondang,30/9,30/9,2008,PulauPinang
Sg. Dondang,16/10,16/10,2008,PulauPinang
Sg. Relau,9/6,9/6,2008,PulauPinang
Sg. Relau,30/9,30/9,2008,PulauPinang
Sg. Relau,16/10,16/10,2008,PulauPinang
Sg. Satu,6/9,6/9,2008,PulauPinang
Sg. Satu,30/9,30/9,2008,PulauPinang
Sg. Mas,6/9,6/9,2008,PulauPinang
Sg. Mas,30/9,30/9,2008,PulauPinang
Sg. Telok Kumbar,5/9,6/9,2008,PulauPinang
Sg. Kg. Masjid,5/9,6/9,2008,PulauPinang
Sg. Batas Besar,5/9,6/9,2008,PulauPinang
Sg. Bagan Lepas,5/9,6/9,2008,PulauPinang
Sg. Kg. SeroNo.k,5/9,6/9,2008,PulauPinang
Sg. Kg. Bukit,5/9,6/9,2008,PulauPinang
Sg. Ara,5/9,6/9,2008,PulauPinang
Sg. Keluang,5/9,6/9,2008,PulauPinang
Sg. Nibong Kecil,5/9,6/9,2008,PulauPinang
Sg. Relau,5/9,6/9,2008,PulauPinang
Sg. Pulau Betong,5/9,6/9,2008,PulauPinang
Sg. Burong,5/9,6/9,2008,PulauPinang
Sg. Kuala Jalan Bahru,5/9,6/9,2008,PulauPinang
Sg. Bagan Air Hitam,5/9,6/9,2008,PulauPinang
Sg. Korok,5/9,6/9,2008,PulauPinang
Sg. Air Putih,5/9,6/9,2008,PulauPinang
Sg. Kongsi,5/9,6/9,2008,PulauPinang
Sg. Batu Emas,5/9,6/9,2008,PulauPinang
Sg. Telok Bahang,5/9,6/9,2008,PulauPinang
Sg. Telok Awak,5/9,6/9,2008,PulauPinang
Sg. Kerian,9/10,9/10,2008,Perak
Sg. Kerian,20/10,21/10,2008,Perak
Sg. Beriah,9/5,9/5,9/6,9/7
Sg. Batu Teguh,17/7,17/7,2008,Perak
Sg. Larut,17/7,17/7,2008,Perak
Sg. Nyior,7/3,7/3,2008,Perak
Sg. Rotan,7/3,7/3,2008,Perak
Sg. Rotan,23/10,27/10,2008,Perak
Sg. Beruas,23/10,27/10,2008,Perak
Sg. Perak,26/3,28/3,9/8,4/9
Sg. Bidor,17/10,17/10,2008,Perak
Sg. Bidor,22/10,23/10,2008,Perak
Sg. Btg. Padang,22/10,22/10,2008,Perak
Sg. Sungkai Mati / Sg. Seluang / Sg. Sungkai Hidup,22/10,22/10,2008,Perak
Sg. Tupai / Sg. Larut,12/2,12/2,2008,Perak
Sg. Tupai / Sg. Larut,30/6,30/6,2008,Perak
Sg. Tupai,16/11,16/11,2008,Perak
Sg. Kinta / Sg. Raia / Sg. Pari,25/3,25/3,2008,Perak
Sg. Choh,30/3,30/3,2008,Perak
Sg. Kuang,30/3,30/3,2008,Perak
Sg. Kuang,10/7,10/7,2008,Perak
Sg. Cheroh,21/3,21/3,2008,Perak
Sg. Cheroh,6/7,6/7,2008,Perak
Sg. Pari,22/3,22/3,2008,Perak
Sg. Pari,18/4,18/4,2008,Perak
Sg. Trolak,23/3,23/3,2008,Perak
Sg. Trolak,30/3,30/3,2008,Perak
Sg. Selangor,25/11,25/11,2008,Selangor
Sg. Selangor /  Sg. Guntung,29/5,29/5,2008,Selangor
Sg. Selangor / Sg. Batang Kali,4/9,4/9,2008,Selangor
Sg. Bakul,1/3,1/3,2008,Selangor
Sg. Buloh,18/3,18/3,2008,Selangor
Sg. Buloh,11/10,11/10,2008,Selangor
Sg. Buloh,15/10,15/10,2008,Selangor
Sg. Buloh,24/3,24/3,2008,Selangor
Sg. Damansara,27/2,27/2,2008,Selangor
Sg. Damansara,4/6,4/6,2008,Selangor
Sg. Klang,27/2,27/2,2008,Selangor
Sg. Klang,11/3,11/3,2008,Selangor
Sg. Klang,14/3,14/3,2008,Selangor
Sg. Klang,3/6,3/6,2008,Selangor
Sg. Klang,26/5,26/5,2008,Selangor
Sg. Klang,25/8,25/8,2008,Selangor
Sg. Klang,16/10,16/10,2008,Selangor
Sg. Klang / Sg. Rasau,10/4,10/4,2008,Selangor
Sg. Klang / Sg. Rasau,8/7,8/7,2008,Selangor
Sg. Klang / Sg. Rasau,1/9,1/9,2008,Selangor
Sg. Klang / Sg. Rasau,7/10,7/10,2008,Selangor
Sg. Klang / Sg. Rasau,8/12,8/12,2008,Selangor
Sg. Klang  / Sg. Seputeh,27/8,27/8,2008,Selangor
Sg. Kayu Ara,11/10,11/10,2008,Selangor
Sg. Langat,13/3,17/3,2008,Selangor
Sg. Langat,23/3,24/3,2008,Selangor
Sg. Langat,23/4,24/4,2008,Selangor
Sg. Langat,8/6,8/6,2008,Selangor
Sg. Langat,29/6,29/6,2008,Selangor
Sg. Langat,16/10,16/10,2008,Selangor
Sg. Langat,21/10,22/10,2008,Selangor
Sg. Langat,27/11,27/11,2008,Selangor
Sg. Langat,8/12,9/12,2008,Selangor
Sg. Langat / Sg. Semenyih,29/11,29/11,2008,Selangor
Sg. Langat / Sg. Labu,28/11,28/11,2008,Selangor
Sg. Langat/ Sg. Merbau,25/2,25/2,2008,Selangor
Sg. Langat / Sg. Rinching / Sg. Bangi,22/3,22/3,2008,Selangor
Sg. Langat / Sg. Rinching / Sg. Bangi,23/11,23/11,2008,Selangor
Sg. Langat / Sg. Serai,15/10,15/10,2008,Selangor
Sg. Kelanang,5/9,5/9,2008,Selangor
Sg. Klang,27/2,27/2,2008,KualaLumpur
Sg. Klang,11/3,11/3,2008,KualaLumpur
Sg. Klang,14/3,14/3,2008,KualaLumpur
Sg. Klang,26/5,26/5,2008,KualaLumpur
Sg. Klang,3/6,3/6,2008,KualaLumpur
Sg. Klang,25/8,25/8,2008,KualaLumpur
Sg. Klang,16/10,16/10,2008,KualaLumpur
Sg. Temiang,16/4,16/4,2008,NegeriSembilan
Sg. Lenggeng,16/4,16/4,2008,NegeriSembilan
Sg. Btg. Penar,29/6,29/6,2008,NegeriSembilan
Sg. Paroi,29/6,29/6,2008,NegeriSembilan
Sg. Simin,19/10,19/10,2008,NegeriSembilan
Sg. Tampin,30/4,30/4,2008,Melaka
Sg. Tampin,27/11,27/11,2008,Melaka
Sg. Melaka,4/10,4/10,2008,Melaka
Sg. Melaka,8/12,8/12,2008,Melaka
Sg. Durian Tunggal,8/12,8/12,2008,Melaka
Sg. Merlimau,8/12,8/12,2008,Melaka
Sg. Rambai,8/12,8/12,2008,Melaka
Sg. Jelai,25/12,26/12,2008,Pahang
Sg. Dungun,9/12,9/12,2008,Terengganu
Sg. Dungun,11/12,12/12,2008,Terengganu
Sg. Terengganu,3/11,3/11,2008,Terengganu
Sg. Terengganu,20/11,20/11,2008,Terengganu
Sg. Terengganu,29/11,29/11,2008,Terengganu
Sg. Terengganu,30/11,30/11,2008,Terengganu
Sg. Terengganu,1/12,4/12,2008,Terengganu
Sg. Terengganu,6/12,6/12,2008,Terengganu
Sg. Nerus,3/11,3/11,2008,Terengganu
Sg. Nerus,20/11,20/11,2008,Terengganu
Sg. Nerus,29/11,29/11,2008,Terengganu
Sg. Nerus,1/12,4/12,2008,Terengganu
Sg. Nerus,6/12,6/12,2008,Terengganu
Sg. Berang,30/11,30/11,2008,Terengganu
Sg. Berang,6/12,6/12,2008,Terengganu
Sg. Setiu,29/11,29/11,2008,Terengganu
Sg. Setiu,6/12,6/12,2008,Terengganu
Sg. Tarom,29/11,29/11,2008,Terengganu
Sg. Tarom,6/12,6/12,2008,Terengganu
Sg. Calok,29/11,29/11,2008,Terengganu
Sg. Calok,6/12,6/12,2008,Terengganu
Sg. Besut,9/11,9/11,2008,Terengganu
Sg. Besut,16/12,16/12,2008,Terengganu
Sg. Jertih,9/11,9/11,2008,Terengganu
Sg. Jertih,16/12,16/12,2008,Terengganu
Sg. Semerak,12/2,12/2,2008,Terengganu
Sg. Semerak,21/11,23/11,2008,Terengganu
Sg. Rasau,2/1,4/1,2008,Terengganu
Sg. Rasau,12/2,12/2,2008,Terengganu
Sg. Rasau,4/11,7/11,2008,Terengganu
Sg. Rasau,21/11,23/11,2008,Terengganu
Sg. Belida,4/11,7/11,2008,Terengganu
Sg. Merkang,4/11,7/11,2008,Terengganu
Sg. Abal,2/1,4/1,2008,Terengganu
Sg. Abal,4/11,7/11,2008,Terengganu
Sg. Merbol,4/11,7/11,2008,Terengganu
Sg. Kelantan,28/11,11/12,2008,Terengganu
Sg. Kusial,29/11,29/11,2008,Terengganu
Sg. Sat,29/11,29/11,2008,Terengganu
Sg. Bagan,29/11,29/11,2008,Terengganu
Sg. Kemubu,29/11,29/11,2008,Terengganu
Sg. Golok,28/11,11/12,2008,Terengganu
Sg. Beliajong,3/1,4/1,2008,Sabah
Sg. Bongon,3/1,4/1,2008,Sabah
Sg. Bongon,16/2,18/2,2008,Sabah
Sg. Bandau,3/1,4/1,2008,Sabah
Sg. Tempasuk,16/2,16/2,2008,Sabah
Sg. Tempasuk,19/2,19/2,2008,Sabah
Sg. Tempasuk,24/4,24/4,2008,Sabah
Sg. Tempasuk,27/7,27/7,2008,Sabah
Sg. Kesapang,19/2,19/2,2008,Sabah
Sg. Padas,19/2,19/2,2008,Sabah
Sg. Padas,7/11,10/11,2008,Sabah
Btg. Lawas,26/10,26/10,2008,Sarawak
Btg. Terusan,26/10,27/10,2008,Sarawak
Btg. Limbang,25/10,30/10,2008,Sarawak
Sg. Berawan,25/10,27/10,2008,Sarawak
Sg. Baram/ Sg. Tinjar/ Sg. Tutoh,24/1,30/1,2008,Sarawak
Btg. Balingian,26/12,26/12,2008,Sarawak
Btg. Mukah,26/12,26/12,2008,Sarawak
Btg. Oya,26/12,26/12,2008,Sarawak
Sg. Bakir/ Sg. Simanggang,11/11,19/11,2008,Sarawak
Sg. Bakir/ Sg. Simanggang,15/12,15/12,2008,Sarawak
Sg. Sarawak,9/11,9/11,2008,Sarawak
Sg. Jarum,11/6,11/6,2009,Perlis
Sg. Pelarit,11/6,11/6,2009,Perlis
Sg. Buluh,11/6,11/6,2009,Perlis
Sg. Mentalun,29/3,29/3,2009,Perlis
Sg. Kedah,9/4,10/4,2009,Kedah
Sg. Kedah,7/11,10/11,2009,Kedah
Sg. Kedah,16/11,19/11,2009,Kedah
Sg. Setar,9/4,10/4,2009,Kedah
Sg. Pdg. Kerbau,28/8,31/8,2009,Kedah
Sg. Pendang,9/4,10/4,2009,Kedah
Sg. Pendang,&-&,&-&,2009,Kedah
Sg. Pendang,07/11,10/11,2009,Kedah
Sg. Anak Bkt.,9/4,10/4,2009,Kedah
Sg. Anak Bkt.,7/11,10/11,2009,Kedah
Sg. Baru,9/4,10/4,2009,Kedah
Sg. Baru,&-&,&-&,2009,Kedah
Sg. Baru,07/11,10/11,2009,Kedah
Sg. Pdg. Terap,7/11,10/11,2009,Kedah
Sg. Bata,7/11,10/11,2009,Kedah
Sg. Temin,7/11,10/11,2009,Kedah
Sg. Udang,11/7,12/7,2009,Kedah
Sg. Udang,23/8,23/8,2009,Kedah
Sg. Muda,8/4,10/4,2009,Kedah
Sg. Muda,15/4,15/4,2009,Kedah
Sg. Muda,29/8,29/8,2009,Kedah
Sg. Muda,11/11,14/11,2009,Kedah
Sg. Kupang,7/4,8/4,2009,Kedah
Sg. Kupang,27/8,27/8,2009,Kedah
Sg. Ketil,7/4,8/4,2009,Kedah
Sg. Ketil,27/8,27/8,2009,Kedah
Sg. Melaka,28/8,29/8,2009,Kedah
Sg. Melaka,23/9,23/9,2009,Kedah
Sg. Limbong,23/9,23/9,2009,Kedah
Sg. Batu Asah,23/9,23/9,2009,Kedah
Sg. Tarom,23/9,23/9,2009,Kedah
Sg. Chenang,28/8,29/8,2009,Kedah
Sg. Chenang,23/9,23/9,2009,Kedah
Sg. Jarak,11/11,14/11,2009,PulauPinang
Sg. Kulim,21/3,21/3,2009,PulauPinang
Sg. Kulim,6/4,7/4,2009,PulauPinang
Sg. Kulim,13/4,13/4,2009,PulauPinang
Sg. Kulim,15/4,15/4,2009,PulauPinang
Sg. Mengkuang,29/8,29/8,2009,PulauPinang
Sg. Mengkuang,10/11,10/11,2009,PulauPinang
Sg. Mengkuang,14/11,14/11,2009,PulauPinang
Sg. Selarong,15/4,15/4,2009,PulauPinang
Sg. Seluang,6/4,7/4,2009,PulauPinang
Sg. Seluang,13/4,13/4,2009,PulauPinang
Sg. Seluang,15/4,15/4,2009,PulauPinang
Sg. Ular,15/4,15/4,2009,PulauPinang
Sg. Kijang,12/7,12/7,2009,PulauPinang
Sg. Permatang Rawa,29/8,29/8,2009,PulauPinang
Sg. Jawi,21/3,21/3,2009,PulauPinang
Sg. Jawi,11/11,12/11,2009,PulauPinang
Sg. Pinang,9/4,9/4,2009,PulauPinang
Sg. Pinang,21/4,21/4,2009,PulauPinang
Sg. Pinang,3/5,3/5,2009,PulauPinang
Sg. Pinang,7/7,7/7,2009,PulauPinang
Pt. PN6,11/7,11/7,2009,PulauPinang
Sg. Kecil,11/7,11/7,2009,PulauPinang
Sg. Air Hitam,18/9,18/9,2009,PulauPinang
Sg. Air Putih,14/11,15/11,2009,PulauPinang
Sg. Ijok,1/1,1/1,2009,Perak
Sg. Ijok,11/11,11/11,2009,Perak
Sg. Ijok,11/12,11/12,2009,Perak
Sg. Kerian,4/2,4/2,4/8,4/11
Sg. Kerian,4/3,4/3,4/8,4/11
Sg. Kerian,16/3,18/3,4/8,4/11
Sg. Kerian,13/4,15/4,4/8,4/11
Sg. Kerian,4/6,4/6,4/8,4/11
Sg. Kerian,4/7,4/7,4/8,4/11
Sg. Selama,11/12,11/12,2009,Perak
Sg. Perak,5/1,7/1,2009,Perak
Sg. Perak,13/4,15/4,2009,Perak
Sg. Perak,1/5,1/5,2009,Perak
Sg. Perak,1/7,1/7,2009,Perak
Sg. Perak,14/11,19/11,2009,Perak
Sg. Kangsar,1/1,1/1,2009,Perak
Sg. Pelus,1/2,1/2,2009,Perak
Sg. Pelus,29/10,29/10,2009,Perak
Sg. Papan,10/5,10/5,2009,Perak
Sg. Papan,18/9,18/9,2009,Perak
Sg. Temong,23/11,23/11,2009,Perak
Sg. Chempias,23/11,23/11,2009,Perak
Sg. Siput Chandan,23/11,23/11,2009,Perak
Sg. Sira Rambutan / Sg. Lenggong,23/11,23/11,2009,Perak
Sg. Nerok,23/11,23/11,2009,Perak
Sg. Ayer Tawar,27/10,27/10,2009,Perak
Sg. Hangai,27/10,27/10,2009,Perak
Sg. Kenderong,27/10,27/10,2009,Perak
Sg. Pari,14/1,15/1,10/3,16/3
Sg. Pari,17/1,17/1,10/3,16/3
Sg. Pari,3/2,3/2,10/3,16/3
Sg. Pari,10/2,10/2,10/3,16/3
Sg. Pari,1/3,1/3,10/3,16/3
Sg. Pari,4/3,4/3,10/3,16/3
Sg. Pinji,19/3,19/3,2009,Perak
Sg. Pinji,25/3,26/3,2009,Perak
Sg. Pinji,9/4,9/4,2009,Perak
Sg. Pinji,15/4,15/4,2009,Perak
Sg. Pinji,7/5,8/5,2009,Perak
Sg. Pinji,15/5,15/5,2009,Perak
Sg. Pinji,25/5,25/5,2009,Perak
Sg. Pinji,7/7,7/7,2009,Perak
Sg. Pinji,24/7,24/7,2009,Perak
Sg. Pinji,28/7,28/7,2009,Perak
Sg. Pinji,21/8,22/8,2009,Perak
Sg. Pinji,28/8,28/8,2009,Perak
Sg. Pinji,4/9,4/9,2009,Perak
Sg. Pinji,13/9,13/9,2009,Perak
Sg. Pinji,18/9,18/9,2009,Perak
Sg. Pinji,23/10,23/10,2009,Perak
Sg. Pinji,3/11,3/11,2009,Perak
Sg. Pinji,8/12,8/12,2009,Perak
Sg. Selangor,12/4,12/4,2009,Selangor
Sg. Selangor,18/11,18/11,2009,Selangor
Sg. Selangor / Sg. Bernam,30/3,30/3,2009,Selangor
Sg. Kerling,16/4,16/4,2009,Selangor
Sg. Selangor / Sg. Batang Kali,27/9,27/9,2009,Selangor
Sg. Buloh,26/12,26/12,2009,Selangor
Sg. Klang / Sg. Rasau,12/4,12/4,2009,Selangor
Sg. Klang / Sg. Air Itam,23/2,23/2,2009,Selangor
Sg. Batu,13/4,13/4,2009,Selangor
Sg. Batu,15/4,15/4,2009,Selangor
Sg. Batu,7/11,7/11,2009,Selangor
Sg. Langat,13/3,13/3,2009,Selangor
Sg. Langat,23/3,24/3,2009,Selangor
Sg. Langat,13/4,13/4,2009,Selangor
Sg. Langat,26/4,26/4,2009,Selangor
Sg. Langat,1/9,1/9,2009,Selangor
Sg. Langat,21/10,21/10,2009,Selangor
Sg. Langat,10/11,10/11,2009,Selangor
Sg. Langat / Sg. Mukim Batu,18/9,18/9,2009,Selangor
Sg. Langat / Sg. Bangi,22/2,22/2,2009,Selangor
Sg. Beranang / Sg. Sompo,1/3,2/3,2009,Selangor
Sg. Jai,1/3,1/3,2009,Selangor
Sg. Btg. Labu,13/4,13/4,2009,Selangor
Sg. Sepang Besar,12/4,12/4,2009,Selangor
Sg. Sepang Besar,18/11,18/11,2009,Selangor
Sg. Sepang Besar / Sg. Keroh,14/5,14/5,2009,Selangor
Sg. Batu,3/2,3/2,2009,KualaLumpur
Sg. Batu,3/3,3/3,2009,KualaLumpur
Sg. Batu,13/4,13/4,2009,KualaLumpur
Sg. Batu,15/4,15/4,2009,KualaLumpur
Sg. Batu,7/11,7/11,2009,KualaLumpur
Sg. Keroh,3/2,3/2,2009,KualaLumpur
Sg. Keroh,3/3,3/3,2009,KualaLumpur
Sg. Gombak,3/3,3/3,2009,KualaLumpur
Sg. Bunus,3/3,3/3,2009,KualaLumpur
Sg. Kerayong,3/12,3/12,2009,KualaLumpur
Sg. Lenggeng,1/3,1/3,2009,NegeriSembilan
Anak Air Sg. Lenggeng,1/3,1/3,2009,NegeriSembilan
Sg. Mendom,1/3,1/3,2009,NegeriSembilan
Sg. Temiang,1/3,1/3,2009,NegeriSembilan
Sg. Temiang,31/10,31/10,2009,NegeriSembilan
Sg. Btg. Penar,1/3,1/3,2009,NegeriSembilan
Sg. Btg. Penar,15/4,15/4,2009,NegeriSembilan
Sg. Btg. Penar,28/10,28/10,2009,NegeriSembilan
Sg. Paroi,1/3,1/3,2009,NegeriSembilan
Sg. Paroi,15/4,15/4,2009,NegeriSembilan
Sg. Paroi,28/10,28/10,2009,NegeriSembilan
Sg. Linggi,1/3,1/3,2009,NegeriSembilan
Sg. Linggi,15/4,15/4,2009,NegeriSembilan
Sg. Linggi,28/10,28/10,2009,NegeriSembilan
Sg. Btg. Jerlang,1/3,1/3,2009,NegeriSembilan
Sg. Rembau,1/3,1/3,2009,NegeriSembilan
Sg. Pedas,1/3,1/3,2009,NegeriSembilan
Sg. Siput,2/3,2/3,2009,NegeriSembilan
Sg. Jernih,2/3,2/3,2009,NegeriSembilan
Sg. Simpang Ampat,2/3,2/3,2009,NegeriSembilan
Sg. Buloh,2/3,2/3,2009,Melaka
Sg. Lendu,2/3,2/3,2009,Melaka
Sg. Rantau Panjang,2/3,2/3,2009,Melaka
Sg. Btg. Melekek,2/3,2/3,2009,Melaka
Sg. Kemus,2/3,2/3,2009,Melaka
Sg. Perling,2/3,2/3,2009,Melaka
Sg. Cerana Putih,2/3,2/3,2009,Melaka
Sg. Melaka,27/7,27/7,2009,Melaka
Sg. Melaka,5/8,5/8,2009,Melaka
Sg. Putat,27/7,27/7,2009,Melaka
Sg. Merlimau,27/7,27/7,2009,Melaka
Sg. Terachi,1/3,1/3,2009,Johor
Sg. Kundur,1/3,1/3,2009,Johor
Sg. Triang,27/8,27/8,2009,Pahang
Sg. Triang,6/12,6/12,2009,Pahang
Sg. Pahang,2/1,6/1,2009,Pahang
Sg. Pahang,5/12,5/12,2009,Pahang
Sg. Maran,5/12,5/12,2009,Pahang
Sg. Chedong,5/12,5/12,2009,Pahang
Sg. Penur,5/12,5/12,2009,Pahang
Sg. Kuantan,2/1,6/1,2009,Pahang
Sg. Kuantan,5/12,5/12,2009,Pahang
Sg. Belat,2/1,6/1,2009,Pahang
Sg. Belat,5/12,5/12,2009,Pahang
Sg. Soi,5/12,5/12,2009,Pahang
Sg. Pandan,5/12,5/12,2009,Pahang
Sg. Air Hitam,5/12,5/12,2009,Pahang
Sg. Lepar,5/12,5/12,2009,Pahang
Cg. Cherating,5/12,5/12,2009,Pahang
Sg. Kemaman,4/1,4/1,2009,Terengganu
Sg. Kemaman,3/12,4/12,2009,Terengganu
Sg. Chukai,3/12,4/12,2009,Terengganu
Sg. Ibok,3/12,4/12,2009,Terengganu
Sg. Mercang,21/11,28/11,2009,Terengganu
Sg. Marang,21/11,28/11,2009,Terengganu
Sg. Terengganu,11/1,12/1,2009,Terengganu
Sg. Nerus,11/1,12/1,2009,Terengganu
Sg. Nerus,6/11,8/11,2009,Terengganu
Sg. Nerus,22/11,22/11,2009,Terengganu
Sg. Berang,6/11,8/11,2009,Terengganu
Sg. Menerong,6/11,8/11,2009,Terengganu
Sg. Setiu,4/1,4/1,2009,Terengganu
Sg. Setiu,6/11,8/11,2009,Terengganu
Sg. Setiu,22/11,22/11,2009,Terengganu
Sg. Tarom,4/1,4/1,2009,Terengganu
Sg. Besut,6/11,8/11,2009,Terengganu
Sg. Besut,21/11,28/11,2009,Terengganu
Sg. Baring,4/11,7/11,2009,Terengganu
Sg. Yong,2/1,4/1,2009,Terengganu
Sg. Yong,4/11,7/11,2009,Terengganu
Sg. Gali,2/1,4/1,2009,Terengganu
Sg. Gali,4/11,7/11,2009,Terengganu
Sg. Taweh,4/11,7/11,2009,Terengganu
Sg. Telosan,4/11,7/11,2009,Terengganu
Sg. Tualang,4/11,7/11,2009,Terengganu
Sg. Danan,4/11,7/11,2009,Terengganu
Sg. Abal,4/11,7/11,2009,Terengganu
Sg. Kelong,2/11,4/11,2009,Terengganu
Sg. Kemasin,11/7,11/7,2009,Terengganu
Sg. Sat,4/11,7/11,2009,Terengganu
Sg. Sat,19/11,25/11,2009,Terengganu
Sg. Pergau,11/6,11/6,2009,Terengganu
Sg. Kuala Nal,3/1,6/1,2009,Terengganu
Sg. Kubota,25/2,25/2,2009,Sabah
Sg. Kinabutan,25/2,25/2,2009,Sabah
Sg. Membelua,25/2,25/2,2009,Sabah
Sg. Tawau,25/2,25/2,2009,Sabah
Sg. Tawau,17/4,17/4,2009,Sabah
Sg. Apas,17/4,17/4,2009,Sabah
Sg. Kinabatangan,4/2,23/2,2009,Sabah
Sg. Bengkoka,14/1,14/1,2009,Sabah
Sg. Bengkoka,16/1,16/1,2009,Sabah
Sg. Taka,14/1,14/1,2009,Sabah
Sg. Taka,16/1,16/1,2009,Sabah
Sg. Kelipoun,14/1,14/1,2009,Sabah
Sg. Kelipoun,16/1,16/1,2009,Sabah
Sg. Rukom,14/1,14/1,2009,Sabah
Sg. Rukom,16/1,16/1,2009,Sabah
Sg. Toyok,14/1,14/1,2009,Sabah
Sg. Toyok,16/1,16/1,2009,Sabah
Sg. Tandek,3/1,4/1,2009,Sabah
Sg. Tandek,12/1,16/1,2009,Sabah
Sg. Magarutung,3/1,4/1,2009,Sabah
Sg. Magarutung,12/1,16/1,2009,Sabah
Sg. Rasak,3/1,4/1,2009,Sabah
Sg. Rasak,12/1,16/1,2009,Sabah
Sg. Minardasung,3/1,4/1,2009,Sabah
Sg. Linukaan,12/1,16/1,2009,Sabah
Sg. Mondingi,12/1,16/1,2009,Sabah
Sg. Bongon,3/1,4/1,2009,Sabah
Sg. Bongon,12/1,16/1,2009,Sabah
Sg. Bandau,3/1,4/1,2009,Sabah
Sg. Bandau,12/12,16/12,2009,Sabah
Sg. Langkon,12/1,16/1,2009,Sabah
Sg. Tamalang,3/1,3/1,2009,Sabah
Sg. Rampai,3/1,3/1,2009,Sabah
Sg. Balagaton / Sg. Merah,12/1,16/1,2009,Sabah
Sg. Longop,3/1,4/1,2009,Sabah
Sg. Longop,12/1,16/1,2009,Sabah
Sg. Sook,24/1,24/1,2009,Sabah
Sg. Biah,24/1,24/1,2009,Sabah
Sg. Kuaran,24/1,24/1,2009,Sabah
Btg. Limbang,4/2,6/2,2009,Sarawak
Sg. Nyelong,11/1,14/1,2009,Sarawak
Sg. Maung Kanan,1/10,1/10,2009,Sarawak
Btg. Mukah/Kuala Mukah/Sg. Tilian/Sg. Bedil/Sg. Kuala Lama,9/1,13/1,2009,Sarawak
Btg. Oya,9/1,13/1,2009,Sarawak
Btg. Rajang,10/1,14/1,2009,Sarawak
Btg. Rajang,29/1,2/2,2009,Sarawak
Sg. Kedup,11/1,13/1,2009,Sarawak
Sg. Serian,11/1,13/1,2009,Sarawak
Sg. Seduan,10/1,13/1,2009,Sarawak
Btg. Layar,11/1,13/1,2009,Sarawak
Btg. Layar,28/1,29/1,2009,Sarawak
Sg. Sebuyau,28/1,31/1,2009,Sarawak
Sg. Batang Sadong/ Sg. Sebangan/ Sg. Sebuyau,28/1,31/1,2009,Sarawak
Sg. Sadong,11/1,13/1,2009,Sarawak
Sg. Sarawak,10/1,12/1,2009,Sarawak
Sg. Moyan,11/1,12/1,2009,Sarawak
Sg. Kayan,11/1,13/1,2009,Sarawak
Sg. Ketup/ Sg. Karu/ Sg. Ruben,11/1,13/1,2009,Sarawak
Sg. Maung Kanan,10/1,12/1,2009,Sarawak
Sg. Pandungan/ Sg. Maung/,11/1,11/1,2009,Sarawak
Sg. Maung Kiri,11/1,12/1,2009,Sarawak
Sg. Maung Paroh,12/1,12/1,2009,Sarawak
Sg. Tengah & Minjab,11/1,11/1,2009,Sarawak
Sg. Kulim,17/10,18/10,2010,PulauPinang
Sg. Tok Sani,17/10,18/10,2010,PulauPinang
Sg. Machang Bubok,13/1,13/1,2010,PulauPinang
Sg. Machang Bubok,21/1,21/1,2010,PulauPinang
Sg. Junjong,13/1,15/1,2010,PulauPinang
Sg. Junjong Mati,13/1,13/1,2010,PulauPinang
Sg. Junjong Mati,21/1,21/1,2010,PulauPinang
Sg. Junjong Mati,2/10,2/10,2010,PulauPinang
Sg. Pinang,27/8,27/8,2010,PulauPinang
Sg. Jelutong,2/11,2/11,2010,PulauPinang
Sg. Kerian,13/1,13/1,2010,Perak
Sg. Kerian,19/8,19/8,2010,Perak
Sg. Kerian,29/10,29/10,2010,Perak
Sg. Perak,30/4,3/5,2010,Perak
Sg. Perak,2/11,3/11,2010,Perak
Sg. Perak,26/11,29/11,2010,Perak
Sg. Perak / Sg. Kinta,1/1,8/1,11/10,1/11
Sg. Perak / Sg. Dedap,16/11,19/11,2010,Perak
Sg. Klah,26/4,26/4,2010,Perak
Sg. Klah,9/11,9/11,2010,Perak
Sg. Pari,28/4,28/4,2010,Perak
Sungai Trolak,25/1,26/1,2010,Perak
Sg. Keneriang / Sg. Lawin,25/1,26/1,2010,Perak
Sg. Kinta / Sg. Tumbuh,30/4,2/5,2010,Perak
Sg. Rawang,25/4,25/4,2010,Selangor
Sg. Rawang,9/5,9/5,2010,Selangor
Sg. Rawang,21/9,21/9,2010,Selangor
Sg. Rawang,26/9,26/9,2010,Selangor
Sg. Rawang,17/11,17/11,2010,Selangor
Sg. Buloh,14/4,14/4,2010,Selangor
Sg. Klang,9/4,9/4,2010,Selangor
Sg. Klang,19/4,19/4,2010,Selangor
Sg. Klang,4/9,4/9,2010,Selangor
Sg. Klang,8/10,8/10,2010,Selangor
Sg. Kuyoh,3/4,3/4,2010,Selangor
Sg. Kuyoh,9/4,9/4,2010,Selangor
Sg. Damansara,3/4,3/4,2010,Selangor
Sg. Damansara,9/4,9/4,2010,Selangor
Sg. Damansara,13/4,13/4,2010,Selangor
Sg. Damansara,19/4,19/4,2010,Selangor
Sg. Damansara,4/9,4/9,2010,Selangor
Sg. Rasau,3/4,3/4,2010,Selangor
Sg. Ampang,*No.-*No.,*No.-*No.,2010,Selangor
Sg. Ampang,info-info,info-info,2010,Selangor
Sg. Ampang,on-on,on-on,2010,Selangor
Sg. Ampang,date-date,date-date,2010,Selangor
Sg. Langat,9/4,9/4,2010,Selangor
Sg. Langat,19/4,19/4,2010,Selangor
Sg. Langat,17/11,19/11,2010,Selangor
Sg. Cheras,*No.-*No.,*No.-*No.,2010,Selangor
Sg. Cheras,info-info,info-info,2010,Selangor
Sg. Cheras,on-on,on-on,2010,Selangor
Sg. Cheras,date-date,date-date,2010,Selangor
Sg. Balak,*No.-*No.,*No.-*No.,2010,Selangor
Sg. Balak,info-info,info-info,2010,Selangor
Sg. Balak,on-on,on-on,2010,Selangor
Sg. Balak,date-date,date-date,2010,Selangor
Sg. Jai,9/4,9/4,2010,Selangor
Sg. Sompo,9/4,9/4,2010,Selangor
Sg. Klang,9/4,9/4,2010,KualaLumpur
Sg. Klang,19/4,19/4,2010,KualaLumpur
Sg. Klang,26/4,26/4,2010,KualaLumpur
Sg. Klang,6/6,6/6,2010,KualaLumpur
Sg. Klang,4/9,4/9,2010,KualaLumpur
Sg. Klang,8/10,8/10,2010,KualaLumpur
Sg. Klang,29/10,29/10,2010,KualaLumpur
Sg. Batu,25/1,25/1,2010,KualaLumpur
Sg. Batu,9/4,9/4,2010,KualaLumpur
Sg. Batu,26/4,26/4,2010,KualaLumpur
Sg. Gombak,9/4,9/4,2010,KualaLumpur
Sg. Gombak,26/4,26/4,2010,KualaLumpur
Sg. Bunus,26/4,26/4,2010,KualaLumpur
Sg. Bunus,6/6,6/6,2010,KualaLumpur
Sg. Linggi,17/11,17/11,2010,NegeriSembilan
Sg. Melaka,29/8,29/8,2010,Melaka
Sg. Skudai,18/1,18/1,2010,Johor
Sg. Pahang,27/12,27/12,2010,Pahang
Sg. Pahang,23/12,29/12,2010,Pahang
Sg. Jelai,23/12,23/12,2010,Pahang
Sg. Chukai,16/12,17/12,2010,Terengganu
Sg. Dungun,15/12,15/12,2010,Terengganu
Sg. Terengganu,18/12,18/12,2010,Terengganu
Sg. Nerus,17/12,17/12,2010,Terengganu
Sg. Takir / Sg. Buaya / Sg. Tepoh,18/11,18/11,2010,Terengganu
Sg. Setiu,16/12,18/12,2010,Terengganu
Sg. Besut,16/12,18/12,2010,Terengganu
Sg. Moyog,13/3,14/3,2010,Sabah
Sg. Mempikit,3/4,3/4,2010,Sabah
Sg. Naluyan,24/11,25/11,2010,Sabah
