,2000,2001,2002,2003,2004,2005,2006,2007,2008,2009,2010,Negeri
,,,,,,,,,,,,Perlis
"River
&
Date of Flood",,,,,,"Sg. Perlis
17-25/12","Sg. Buluh
21-22/10",,,"Sg. Jarum
11/6","Sg. Pelarit
1-8/11",
,,,,,,"Sg. Arau
17-24/12","Sg. Alor Mentalun
21-22/10",,,"Sg. Pelarit 
11/6","Sg. Jarum
1-8/11",
,,,,,,,"Sg. Arau
21-22/10",,,"Sg. Buluh
11/6","Sg. Buluh
1-8/11",
,,,,,,,,,,"Sg. Mentalun
29/3","Sg. Panggas
1-8/11",
,,,,,,,,,,,"Sg. Jerneh
1-8/11",
,,,,,,,,,,,"Sg. Arau
1-8/11",
,,,,,,,,,,,"Sg. Perlis
1-8/11",
,,,,,,,,,,,"Sg. Repoh
1-8/11",
,,,,,,,,,,,"Sg. Abi
1-8/11",
,,,,,,,,,,,"Sg. Kechor
1-8/11",
,,,,,,,,,,,"Sg. Temenggong
1-8/11",
,,,,,,,,,,,,
,,,,,,,,,,,,
,,,,,,,,,,,,
,,,,,,,,,,,,Kedah
"River
&
Date of Flood",,,"Sg. Kedah
7/7","Sg. Kedah
21-26/10",,"Sg. Pdg. Terap
18-22/12","Sg. Kedah
20-27/10","Sg. Pendang
16-20/9, 2-7/10","Sg. Kedah
16-27/10","Sg. Kedah
9-10/4, 7-10/11, 16-19/11","Sg. Kedah
30/10-3/11",
,,,"Sg. Bata / Temin 
30/12",,,"Sg. Tg. Pauh
18-22/12","Sg. Pdg. Terap
20-27/10","Sg. Pdg. Kerbau
16-20/9, 2-7/10","Sg. Pendang
16-27/10","Sg. Setar
9-10/4","Sg. Pdg. Terap
30/10-3/11",
,,,,,,"Sg. Alor Madi
18-22/12","Sg. Tg. Pauh
20-27/10","Sg. Pdg. Terap
17-18/9, 3/11,
17-20/12","Sg. Pdg. Terap
18-25/10","Sg. Pdg. Kerbau
28-31/8","Sg. Bata
30/10-3/11",
,,,,,,"Sg. Kubang Rotan
18-22/12","Sg. Alor Madi
20-27/10","Sg. Bata
15/10, 17-21/12","Sg. Bkt. Pinang
18-25/10","Sg. Pendang
9-10/4 & 07-10/11","Sg. Anak Bkt.
30/10-3/11",
,,,,,,"Sg. Baru
18-22/12","Sg. Kubang Rotan
20-27/10","Sg. Pering
15/10, 17-21/12","Sg. Anak Bkt.
18-25/10","Sg. Anak Bkt.
9-10/4, 7-10/11","Sg. Pendang
30/10-3/11",
,,,,,,"Sg. Pdg. Sanai
19/12","Sg. Pendang
20-23/10","Sg. Badak
17-21/12","Sg. Nawa
18-25/10","Sg. Baru
9-10/4 & 07-10/11",,
,,,,,,"Sg. Bata
16-19/12,
20-25/12","Sg. Bata
20-23/10","Sg. Laka
17-21/12","Sg. Tg. Pauh
22-24/10","Sg. Pdg. Terap
7-10/11",,
,,,,,,"Sg. Temin
16-19/12,
20-25/12","Sg. Pering
20-23/10",,"Sg. Bata
22-24/10","Sg. Bata
7-10/11",,
,,,,,,,,,"Sg. Alor Madi
22-24/10","Sg. Temin
7-10/11",,
,,,,,,,,,,,,
,,,,,,,,,,,,
,,,,,,,,,,,,
,,,,,,,,,,,,
,,,,"Sg. Gurun
8-10/9, 4-13/10",,,,"Sg. Gurun
14-18/9","Sg. Gurun
6-8/9, 22-24/9,
29-30/9, 22-24/10","Sg. Gurun
11-12/7, 23/8,
28-31/8",,
,,,,"Sg. Udang
8-10/9",,,,"Sg. Udang
14-18/9","Sg. Udang
6-8/9, 22-24/9,
29-30/9, 22-24/10","Sg. Udang
11-12/7, 23/8",,
,,,,,,,,,,,,
,,,,,,,,,,,,
,,,,,,,,,,,,
,,,,,,,,,,,,
"River
&
Date of Flood",,,"Sg. Petani
20/10, 20/11, 17/12","Sg. Petani
4-13/10",,,,"Sg. Merbok
7/9","Sg. Merbok
6-8/9, 22-24/9,
29-30/9, 22-24/10",,"Sg. Merbok
6/7",
,,,,"Sg. Pasir
4-13/10",,,,,,,"Sg. Ketapan
6/7",
,,,,,,,,,,,"Sg. Puntar
6/7",
,,,,,,,,,,,"Sg. Ibor
6/7",
,,,,,,,,,,,"Sg. Tampang
6/7",
,,,,,,,,,,,,
,,,,,,,,,,,,
,,,,,,,,,,,,
,,,,,,,,,,,,
"River
&
Date of Flood",,,,"Sg. Baling
4-13/10",,"Sg. Ketil
16/10","Sg. Kupang
20/10, 8/11","Sg. Tebuan
22/7",,"Sg. Muda
8-10/4, 15/4, 29/8, 11-14/11","Sg. Muda
5-7/6, 14/8, 28/9, 26/11",
,,,,"Sg. Ketil
20-22/10",,,"Sg. Ketil
20/10, 8/11","Sg. Muda
7-8/9, 18/9, 17/12, 20/12",,"Sg. Kupang
7-8/4, 27/8","Sg. Chepir
14/8",
,,,,"Sg. Kupang
20-22/10",,,"Sg. Tebuan
20/10",,,"Sg. Ketil
7-8/4, 27/8","Sg. Semerliang
14/8",
,,,,"Sg. Muda
3-13/10, 21-26/10",,,,,,,"Sg. Ketil
14/8",
,,,,"Sg. Lahar Tiang
3-13/10",,,,,,,"Sg. Lahar Endin
1/12",
,,,,"Sg. Tembus
3-13/10",,,,,,,,
,,,,"Sg. Lahar Endin
3-13/10",,,,,,,,
,,,,,,,,,,,,
,,,,,,,,,,,,
,,,,,,,,,,,,
,,,,,,,,,,,,
"River
&
Date of Flood",,,,"Sg. Langkawi
13-14/8, 8/9,
6/10",,"Sg. Langkawi
17/12",,"Sg. Langkawi
7/9, 16/9, 30/9",,"Sg. Melaka
28-29/8, 23/9",,
,,,,,,,,,,"Sg. Limbong
23/9",,
,,,,,,,,,,"Sg. Batu Asah
23/9",,
,,,,,,,,,,"Sg. Tarom
23/9",,
,,,,,,,,,,"Sg. Chenang
28-29/8, 23/9",,
,,,,,,,,,,,,
,,,,,,,,,,,,
,,,,,,,,,,,,
,,,,,,,,,,,,PulauPinang
River & Date of Flood,,"Sg. Kulim
17-18/10","Sg. Kulim
29/4, 11/10, 13/10, 14/11, 19/11","Sg. Lokan
3-13/10","Sg. Kereh
7-9/11","Sg. Kulim
15-18/9",,"Sg. Derhaka Juru
16/4","Sg. Pertama
9/6, 29/9, 26/11","Sg. Jarak
11-14/11","Sg. Abduh
5-7/6",
,,"Sg. Tok Sani
17-18/10","Sg. Pertama
29/4","Sg. Kereh
3-13/10","Sg. Jarak
7-9/11",,,"Sg. Kulim
22/7","Sg. Derhaka
9/6","Sg. Kulim
21/3, 6-7/4, 13/4, 15/4","Sg. Selarong
28/9",
,,"Sg. Maklum
17-18/10",,"Sg. Kulim
2/8, 17/8, 8/9, 3-13/10, 25/11","Sg. Kulim
24-27/9, 1/11",,,,"Sg. Mengkuang Titi
9/6","Sg. Mengkuang
29/8, 10/11, 14/11",,
,,"Sg. Pertama
13/1",,"Sg. Jarak
21-26/10",,,,,,"Sg. Selarong
15/4",,
,,"Sg. Kubang Semang
13/1",,"Sg. Semambu
17/8",,,,,,"Sg. Seluang
6-7/4, 13/4, 15/4",,
,,"Sg. Mengkuang
13-14/1",,"Sg. Mengkuang
3-5/10",,,,,,"Sg. Ular
15/4",,
,,"Sg. Ara Kuda
13/1",,"Sg. Pertama
3-5/10",,,,,,,,
,,"Sg. Sintuk
13/1",,"Sg. Anak Jelutong
5/10",,,,,,,,
,,"Sg. Perai
13/1",,"Sg. Derhaka
5/10",,,,,,,,
,,,,,,,,,,,,
,,,,,,,,,,,,
,,,,,,,,,,,,
,,,,,,,,,,,,
River & Date of Flood,,"Sg. Permatang Rawa
13-14/1","Sg. Permatang Rawa
29/4, 14/11","Sg. Permatang Rawa
3/4, 8/9, 3-5/10, 25/11","Sg. Kilang Ubi
21/4",,,"Sg. Kilang Ubi
27/7","Sg. Permatang Rawa
18/8, 9/6","Sg. Kijang
12/7",,
,,"Sg. Kilang Ubi
13/1","Sg. Rambai / Pt. 4
29/4","Sg. Juru
3-6/10","Sg. Juru
16/11",,,"Sg. Permatang Rawa
16/4, 9/7, 27/7, 16/9, 22/10","Sg. Kilang Ubi
9/6","Sg. Permatang Rawa
29/8",,
,,,"Pt. Estet
29/4","Sg. Kilang Ubi
4-6/10",,,,"Sg. Permatang Ara
9/7, 27/7, 16/9, 22/10","Sg. Rambai
9/6, 29/9",,,
,,,"Sg. Junjong
14/11, 18/11","Sg. Rambai
3-5/10",,,,,,,,
,,,,"Sg. Ara
3-5/10",,,,,,,,
,,,,"Sg. Permatang Rotan
4-5/10",,,,,,,,
,,,,,,,,,,,,
,,,,,,,,,,,,
,,,,,,,,,,,,
,,,,,,,,,,,,
River & Date of Flood,,"Sg. Machang Bubok
13/1, 21/1","Sg. Machang Bubok
14/11, 18/11","Sg. Junjong
2-7/10","Sg. Machang Bubok
25/4","Sg. Machang Bubok
15/7",,"Sg. Junjung
23/2, 16/4, 23/7, 27/7","Sg. Junjung
20/3, 9/6, 29-30/9","Sg. Jawi
21/3, 11-12/11","Sg. Machang Bubok
17/11",
,,"Sg. Junjong
13-15/1",,"Sg. Machang Bubok
2-5/10","Sg. Bukit Teh
25/4",,,"Sg. Macang Bubok
16/4, 9/7, 27/7","Sg. Machang Bubok
23/5",,"Sg. Jawi
1/5, 18/5, 1/6, 14/12",
,,"Sg. Junjong Mati
13/1, 21/1, 2/10",,"Sg. Tok Suboh
4-6/10","Sg. Tasek Junjong
24/9",,,"Sg. Bukit Teh
16/4, 9/7, 27/7","Sg. Jawi
9/10",,"Sg. Badak Mati
21/7",
,,"Sg. Bukit Teh
13/1",,"Sg. Jawi
27/6, 4/10, 6/10",,,,,,,,
,,,,,,,,,,,,
,,,,,,,,,,,,
,,,,,,,,,,,,
,,,,,,,,,,,,
River & Date of Flood,,"Sg. Pinang
27/8","Sg. Pinang
8/10","Sg. Pinang
3-5/10","Sg. Pinang
26-27/7","Sg. Pinang
3/11",,"Sg. Pinang
18/10","Sg. Pinang
9/6, 18/8, 25/8, 30/9, 16/10","Sg. Pinang
9/4, 21/4, 3/5, 7/7","Sg. Pinang
5/6, 7/6, 26/11",
,,"Sg. Jelutong
2/11","Sg. Jelutong
8/10","Sg. Air Hitam
3-5/10",,"Sg. Jelutong
3/11",,"Sg. Jelutong
18/10","Sg. Jelutong
9/6, 18/8, 25/8, 30/9, 16/10","Pt. PN6
11/7","Sg. Air Hitam
5/6",
,,"Sg. Air Hitam
2/11","Prangin Canal
8/10","Sg. Jelutong
3-5/10",,,,"Pt. Konkrit
20/10","Pt. Konkrit (Georgetown)
18/8","Sg. Kecil
11/7",,
,,"Sg. Fettes
2/11","Sg. Air terjun
8/10","Prangin Canal S-10
3-5/10",,,,"Sg. Bayan Lepas
22/10","Prangin Canal
25/8, 30/9","Sg. Air Hitam
18/9",,
,,"Sg. Balik Batu
2/11",,,,,,"Sg. Relau
22/10","Sg. Air Putih
9/6, 16/10","Sg. Air Putih
14-15/11",,
,,,,"Sg. Bayan Lepas
4-5/10",,,,,"Sg. Air Hitam
9/6, 16/10",,,
,,"Sg. Air Terjun
16/10, 2/11",,"Sg. Kampung SeroNo.k
4-5/10",,,,,"Sg. Dondang
9/6, 30/9, 16/10",,,
,,,,"Sg. Pulau Betong
4-5/10",,,,,"Sg. Relau
9/6, 30/9, 16/10",,,
,,,,"Sg. Poley
4-5/10",,,,,"Sg. Satu
6/9, 30/9",,,
,,"Sg. Tiram
2/11",,"Sg. Telok Kumbar
4-5/10",,,,,"Sg. Mas
6/9, 30/9",,,
,,"Sg. Relau
2/11",,"Sg. Batu
4-5/10",,,,,"Sg. Telok Kumbar
5-6/9",,,
,,,,"Sg. Kampung Masjid
4-5/10",,,,,"Sg. Kg. Masjid
5-6/9",,,
,,,,"Sg. Burong
4-6/10",,,,,"Sg. Batas Besar
5-6/9",,,
,,,,"Sg. Bagan Air Hitam
4-6/10",,,,,"Sg. Bagan Lepas
5-6/9",,,
River & Date of Flood,,,,"Sg. Korok
4-6/10",,,,,"Sg. Kg. SeroNo.k
5-6/9",,,
,,,,"Sg. Nipah
4-6/10",,,,,"Sg. Kg. Bukit
5-6/9",,,
,,,,"Sg. Telok Bahang
4-6/10",,,,,"Sg. Ara
5-6/9",,,
,,,,"Sg. Telok Awak
4-6/10",,,,,"Sg. Keluang
5-6/9",,,
,,,,"Sg. Pinang
4-6/10",,,,,"Sg. Nibong Kecil
5-6/9",,,
,,,,"Sg. Rusa
4-6/10",,,,,"Sg. Relau
5-6/9",,,
,,,,"Sg. Ara
4-6/10",,,,,"Sg. Pulau Betong
5-6/9",,,
,,,,,,,,,"Sg. Burong
5-6/9",,,
,,,,,,,,,"Sg. Kuala Jalan Bahru
5-6/9",,,
,,,,,,,,,"Sg. Bagan Air Hitam
5-6/9",,,
,,,,,,,,,"Sg. Korok
5-6/9",,,
,,,,,,,,,"Sg. Air Putih
5-6/9",,,
,,,,,,,,,"Sg. Kongsi
5-6/9",,,
,,,,,,,,,"Sg. Batu Emas
5-6/9",,,
,,,,,,,,,"Sg. Telok Bahang
5-6/9",,,
,,,,,,,,,"Sg. Telok Awak
5-6/9",,,
,,,,,,,,,,,,
,,,,,,,,,,,,
,,,,,,,,,,,,
,,,,,,,,,,,,Perak
River & Date of Flood,,"Sg. Kerian
13/1, 19/8, 29/10","Sg. Kerian
8/3, 29/4 & 3/11","Sg. Kerian
15-17/5, 9/9, 
5-13/10","Sg. Kerian
29-30/6, 16/7, 29/10","Sg. Teras
28/2","Sg. Ijok
16/11",,"Sg. Kerian
9/10, 20-21/10","Sg. Ijok
1/1, 11/11, 11/12","Sg. Beriah
17-19/11, 1-7/12",
,,,,"Sg. Kerian / Sg. Selama
4-7/10","Sg. Ijok / Sg. Dendang
25-26/11",,"Sg. Segar
16/11",,"Sg. Beriah
9/5, 9/6, 9/7, 
9-12/9","Sg. Kerian
4/2, 4/3, 16-18/3, 13-15/4, 4/6, 4/7, 4/8, 4/11,
11-21/11, 4/12, 11/12","Sg. Kerian
9/9",
,,,,"Sg. Ijok
4-7/10",,,"Sg. Kerian
23/10",,,"Sg. Selama
11/12",,
,,,,,,,"Sg. Beriah
23-26/10, 11/11, 13-22/11, 11/12, 27/12",,,,,
,,,,,,,,,,,,
,,,,,,,,,,,,
,,,,,,,,,,,,
,,,,,,,,,,,,
River & Date of Flood,,,"Sg. Kurau / Sg. Ara
18/10","Sg. Kurau
5-13/10","Sg. Kurau / Sg. Ara
30/9",,"Sg. Bukit Gantang
25/10, 16-17/11",,,,"Sg. Kurau / Sg. Ara
9/9",
,,,,"Sg. Kurau / Sg. Ara
4-7/10",,,"Sg. Kurau / Sg. Ara
25-27/10, 16/11",,,,"Sg. Jelai
14/11",
,,,,,,,,,,,,
,,,,,,,,,,,,
,,,,,,,,,,,,
,,,,,,,,,,,,
River & Date of Flood,,,"Sg. Jebong
3/11, 6/11, 14-16/11",,,,"Sg. Relong
6/11","Sg. Rantin
15-16/8, 22-23/12",,,"Sg. Sepetang
17-19/11, 1-7/12",
,,,"Sg. Petai
17/12",,,,,,,,"Sg. Petai
19/9",
,,,,,,,,,,,,
,,,,,,,,,,,,
,,,,,,,,,,,,
,,,,,,,,,,,,
River & Date of Flood,,,"Sg. Larut
14/11, 16/11",,"Sg. Jebong
28-30/9",,"Sg. Jebong
25-26/10","Sg. Larut
1/6, 15-16/8","Sg. Batu Teguh
17/7",,"Sg. Bkt. Gantang
17/8",
,,,,,,,,"Sg. Bukit Gantang / Sg. Senduk
4/3","Sg. Larut
17/7",,,
,,,,,,,,"Sg. Jaha / Sg. Bukit Gantang
23/12",,,,
,,,,,,,,"Sg. Batu Tugoh
15/8",,,,
,,,,,,,,"Sg. Lang
6/3",,,,
,,,,,,,,,,,,
,,,,,,,,,,,,
,,,,,,,,,,,,
,,,,,,,,,,,,
River & Date of Flood,,,,"Sg. Dinding
26-28/10",,,,,,,,
,,,,,,,,,,,,
,,,,,,,,,,,,
,,,,,,,,,,,,
,,,,,,,,,,,,
River & Date of Flood,,,,,,"Sg. Jarum Mas
30/11",,,"Sg. Nyior
7/3",,,
,,,,,,,,,,,,
,,,,,,,,,,,,
,,,,,,,,,,,,
,,,,,,,,,,,,
River & Date of Flood,,,,,"Sg. Batu
16-18/11",,"Sg. Rotan / 
Sg. Beruas
28/11-4/12","Sg. Beruas
24-27/7",,,,
,,,,,"Prt. Saliran Ladang
16-18/11",,,,,,,
,,,,,,,,,,,,
,,,,,,,,,,,,
,,,,,,,,,,,,
,,,,,,,,,,,,
River & Date of Flood,,"Sg. Air Tawar
26/11","Sg. Bruas / Sg. Dendang / Sg. Rotan
21-24/11",,"Sg. Pundut
7-8/12",,"Sg. Lumut Kiri / Pt. Hj. Dollah / Sg. Sempit / Pt. Pasir Panjang
26/2-3/3",,"Sg. Rotan
7/3, 23-27/10",,,
,,,"Sg. Air Tawar
26-28/11",,"Sg. Air Tawar
12-13/12",,"Sg. Sempit
30/9-4/10",,"Sg. Beruas
23-27/10",,,
,,,,,,,"Sg. Dendang
16/11",,,,,
,,,,,,,"Sg. Rotan
1/12",,,,,
,,,,,,,,,,,,
,,,,,,,,,,,,
,,,,,,,,,,,,
,,,,,,,,,,,,
River & Date of Flood,,,,,,,,,,,,
,,,,,,,,,,,,
,,,,,,,,,,,,
,,,,,,,,,,,,
,,,,,,,,,,,,
River & Date of Flood,,"Sg. Perak
30/4-3/5, 2-3/11, 26-29/11","Sg. Perak
17/4, 2-11/5,
8-11/10, 5-7/11, 19-28/11","Sg. Perak
16-17/5, 10-15/10, 22-29/10, 5/11, 4-23/11","Sg. Perak
10-11/5, 
27/9-7/10, 
25-31/10, 5/11, 17-18/11, 
14-23/12 ","Sg. Perak
1-10/1, 15-19/7, 19-20/10, 11-31/12","Sg. Perak
31/5-8/6, 
24/10-2/11,
13/11-8/12, ","Sg. Perak
23-29/4, 9/6,
18-19/6, 23-29/7, 5-7/9, 10-11/9, 9/10, 17-18/10, 22-31/10, 19-28/12   ","Sg. Perak
26-28/3, 9/4, 9/5, 9/8, 4-12/9,
19-31/10,
27/11-5/12, 9/12, ","Sg. Perak
5-7/1, 13-15/4, 1/5, 1/7, 14-19/11","Sg. Perak
10/1,12/3, 20/8, 30/9-1/10, 7-9/10, 26-28/11, ",
,,"Sg. Perak / Sg. Kinta
1-8/1, 30/4-9/5, 11/10, 1-12/11,
27-30/11","Sg. Perak / Sg. Kinta
2-11/5, 19-28/11","Sg .Perak / Sg. Dedap
10-14/10,
24-29/10,
22-26/11","Sg. Perak / Sg. Kayan
28-30/10","Sg. Jelawat / Sg. Bidor
19-20/10","Sg. Kepayang
21/3","Sg. Perak / Sg. Bidor / Sg. Sungkai / Sg. Chikus / Sg. Manik / Sg. Lampam / Sg. Batang Padang
25/12","Sg. Bidor
17/10, 22-23/10","Sg. Kangsar
1/1","Sg. Sumpitan
26/8",
,,"Sg. Perak / Sg. Dedap
16-19/11","Sg. Perak / Sg. Dedap
8-10/10, 5-7/11, 21/11","Sg. Perak/ Sg. Kinta
8-23/11","Sg. Lenggong
6/2, 13/10, 22/10, 13/11","Sg. Bidor / Sg. Sungkai
19-20/10","Sg. Pelus
20/4, 4/9","Sg. Siput Chandan
16/10","Sg. Btg. Padang
22/10","Sg. Pelus
1/2, 29/10","Sg. Temelong
17/9",
,,"Sg. Klah
26/4, 9/11","Sg. Berof
8/4","Sg. Perak / Sg. Kayan
28-30/10","Sg. Nerok
6/2, 28-29/9, 13/10, 22/10, 13/11","Sg. Chikus / 
Sg. Manik / 
Sg. Lampam / 
Sg. Btg Padang
19-20/10","Sg. Kangsar
24/10, 29-30/11","Sg. Kangsar
20/11","Sg. Sungkai Mati / Sg. Seluang / Sg. Sungkai Hidup
22/10","Sg. Papan
10/5, 18/9","Sg. Kenderong
17/8",
,,"Sg. Pari
28/4","Sg. Balun
8/4","Sg. Kelah
2/10","Sg. Pelus
28/9",,"Sg. Biong
24/10","Sg. Chempias
20/11","Sg. Tupai / Sg. Larut
12/2, 30/6","Sg. Temong
23/11","Sg. Kulim
28/9",
,,"Sungai Trolak
25-26/1","Sg. Jeni
8/4","Sg. Rokam / Sg. Pinji
27/3, 29/3, 3-4/3","Sg. Kopisan 
5/4",,"Sg. Jeliang
24/10","Sg. Papan
20-21/11","Sg. Tupai
16/11","Sg. Chempias
23/11","Sg. Pinji / Sg. Pari
22-23/1, 3-4/2, 1/3, 4/3, 13/3, 20-21/3, 27/3, 31/3, 7/4, 15/4, 27/4, 1/5, 3/5, 16/5, 18/5, 11/6, 13/6, 16/6, 27/6, 7/7, 5/8, 11/8, 13-14/8, 18/8, 30/8, 5/9, 1/10, 7/10, 13/11, 17-19/11, 21/11, 28/11, 1/12, 6/12, 8/12",
,,"Sg. Keneriang / Sg. Lawin
25-26/1","Sg. Trolak
8/4","Sg. Rapat
27/3, 29/3, 3-4/3, 6/11","Sg. Pinji
5/10, 15/10",,"Sg. Chempias
29-30/11","Sg. Pelus
9/4, 11/4, 27/7, 9/8","Sg. Kinta / Sg. Raia / Sg. Pari
25/3","Sg. Siput Chandan
23/11","Sg. Rasau
17/8",
,,"Sg. Kinta / Sg. Tumbuh
30/4-2/5","Sg. Kinta / Sg. Pari
29/4","Sg. Keroh
30/3","Alur Bukit Chante
10/11",,"Sg. Nerok
8/4, 26/4, 20/5, 30/7","Sg. Kerdah
9/8","Sg. Choh
30/3","Sg. Sira Rambutan / Sg. Lenggong
23/11","Sg. Resam
21/9",
,,,"Sg. Resam
29/4, 20/12","Sg. Kopisan
3-4/3","Sg. Rapat
15/10, 25/11",,"Sg. Temelong
19/4","Sg. Temelong
19/5, 9/7","Sg. Kuang
30/3, 10/7","Sg. Nerok
23/11","Sg. Cheroh
12/8",
,,,"Sg. Klah
9/11","Sg. Senam
3-4/3","Sg. Pari
9/11",,"Sg. Lenggong
20/5","Sg. Keneriang
30/9, 21/10","Sg. Cheroh
21/3, 6/7","Sg. Ayer Tawar
27/10","Sg. Larah
20/9",
,,,"Sg. Tapah
18/12","Sg. Sejuk
6/11","Sg. Resam
23/12",,"Sg. Nerok / Sg. Lenggong
21/9","Sg. Nerok
30/9","Sg. Pari
22/3, 18/4","Sg. Hangai
27/10",,
,,,"Sg. Selinsing
21/12","Sg. Selabak
15/5",,,"Sg. Kenering
9/11","Sg. Kenderong
11/6","Sg. Trolak
23/3, 30/3","Sg. Kenderong
27/10",,
,,,"Sg. Rokam
21/12","Sg. Bidor
17/5, 26-27/9, 
24-27/11",,,"Sg. Kenderong/ Sg. Hangai / Sg. Air Tawar
15/11","Sg. Hangai
11/6",,"Sg. Pari
14-15/1, 17/1, 3/2, 10/2,1/3, 4/3, 10/3, 16/3, 
24-25/3, 31/3,  1/4, 9/4, 8-9/5,
14-15/5, 18/5, 21/5, 23/5, 26/6, 30/6, 7/7, 15/7, 28/7, 13/8, 20/8, 24/8, 4/9, 17/9, 29/9, 11/10, 15/10, 24/10, 31/10, 3/11, 15/11, 1/12, 9/12, 11/12, 18/12, 23/12, 27/12",,
,,,"Sg. Sayak
21/12","Sg. Baung/ Sg. Sungkai
10-14/10",,,"Sg. Temelong / Sg. Lenggong
30/11","Sg. Air Tawar
11/6",,"Sg. Pinji
19/3, 25-26/3, 9/4, 15/4, 7-8/5, 15/5, 25/5, 7/7, 24/7, 28/7, 21-22/8, 28/8, 4/9, 13/9, 18/9, 23/10, 3/11, 8/12",,
,,,"Sg. Bidor
8-9/10, 23/11","Sg. Pahlawan/ Sg. Chikus / Sg. Seluang
10-14/10",,,"Sg. Pari
20/4,13/5, 24/10, ","Sg. Pinji
15-16/4, 18/4, 30/6, 3/7, 20/11",,,,
,,,"Sg. Selabak
8-9/10","Sg. Kinta / Sg. Mengkuang / Sg. Beka
10-14/10,
24-27/11 ",,,"Sg. Chemor
20/4","Sg. Pari
6/3",,,,
,,,"Sg. Sungkai Mati
19-21/11","Sg. Sungkai Mati / Sg. Jelawat
24-27/11",,,"Sg. Jernih
4/5","Sg. Kinta / 
Sg. Choh
20/11",,,,
,,,"Sg. Sungkai / Sg. Seluang
19-21/11","Sg. Kangsar
23-29/9",,,"Sg. Rapat
15/5",,,,,
,,,"Sg. Bidor
19-21/11, 23/11","Sg. Lenggong
21/4, 4/10, 8/11",,,"Sg. Kati
20/10",,,,,
,,,"Sg. Beka
19-21/11
","Sg. Kuak
3-4/10",,,"Sg. Chepor
24/10",,,,,
,,,"Sg. Hangai
17/4","Sg. Jepai
4/10",,,"Sg. Kinta
24/10",,,,,
,,,"Sg. Lenggong
10/12","Sg. Temelong
4/10, 24/10, 20/11",,,"Sg. Batu
25-28/11",,,,,
,,,"Sg. Temelong
10/12","Sg. Pelus
9/10, 20/11",,,"Sg. Resam
26/11",,,,,
,,,"Sg. Pelus
28/10","Sg. Nerok
4/11, 9/11",,,"Sg. Pinji
12/12",,,,,
,,,,"Sg. Tampan
4/11",,,"Sg. Chenderiang
9/7",,,,,
,,,,,,,"Sg. Menderang
25/10",,,,,
,,,,,,,"Sg. Bikam
25/10",,,,,
,,,,,,,"Sg. Julur
25/10",,,,,
,,,,,,,"Sg. Sungkai
25/10",,,,,
,,,,,,,"Sg. Klah
25/10, 15/11",,,,,
,,,,,,,"Sg. Perak / Sg. Bidor
31/3, 27/4, 5/11",,,,,
,,,,,,,,,,,,
,,,,,,,,,,,,
,,,,,,,,,,,,
,,,,,,,,,,,,Selangor
River & Date of Flood,,"Sg. Bernam
19/2, 26-27/4, 7/5,
 26/9","Sg. Bernam
10/11","Sg. Inki / Sg. Bernam
2/5","Sg. Bernam
7/11",,"Sg. Slim
23/10","Sg. Slim
20/11",,,,
,,,,"Sg. Bernam
11-14/11, 18/11",,,"Sg. Bernam
23/10",,,,,
,,,,,,,,,,,,
,,,,,,,,,,,,
,,,,,,,,,,,,
,,,,,,,,,,,,
River & Date of Flood,,,,,,,,,,,,
,,,,,,,,,,,,
,,,,,,,,,,,,
,,,,,,,,,,,,
,,,,,,,,,,,,
River & Date of Flood,,"Sg. Rawang
25/4, 9/5, 21/9, 26/9, 17/11","Sg. Liam
29/4","Sg. Kerling
2/5","Sg. Kuang / Sg. Rawang
7/9, 20/10, 5/11","Sg. Kelawai
27/9","Sg. Tenang
4/1","Sg. Serendah
10/6","Sg. Selangor
25/11","Sg. Selangor
12/4, 18/11","Sg. Kerling / Sg. Inki
20/12",
,,,"Sg. Batang Kali
29/4","Sg. Kelawai / Sg. Kerling
2/5, 1/6, 11/11","Sg. Kelawai
27/9","Sg. Kuang/ Sg. Rawang
26/3, 18/8","Sg. Kuang
4/5","Sg. Selangor
23/1","Sg. Selangor /  Sg. Guntung
29/5","Sg. Selangor / Sg. Bernam
30/3","Sg. Kundang / Sg. Air Hitam
10/4",
,,,"Sg. Selangor
30/4, 1/5, 20/11","Sg. Kuang / Sg. Rawang
13/8, 17/11",,,"Sg. Kubu
25/8","Sg. Kuang
10/6","Sg. Selangor / Sg. Batang Kali
4/9","Sg. Kerling
16/4","Sg. Selangor / Sg. Kundang
10/4",
,,,"Sg. Rawang
5/4, 1/5, 20/11",,,,"Sg. Liam
13/12",,,"Sg. Selangor / Sg. Batang Kali
27/9",,
,,,,,,,,,,,,
,,,,,,,,,,,,
,,,,,,,,,,,,
,,,,,,,,,,,,
River & Date of Flood,,"Sg. Buloh
14/4","Sg. Buloh
30/8, 10/11","Sg. Buloh
8/3, 14/4, 2/5,16/11","Sg. Buloh
22/2, 16/7, 5/11","Sg. Paya Jaras / Sg. Buloh
27/2, 24/4, 13/10","Sg. Buloh
6/1, 18/5, 2/11","Sg. Buloh
21/1, 14/6","Sg. Bakul
1/3","Sg. Buloh
26/12","Sg. Buloh
29/3",
,,,"Sg. Kapar Besar / Sg. Binjai
10/11","Sg. Pelong
7/5, 16/7, 13/8, 31/10, 3/12","Sg. Pelumut
5/3",,"Sg. Batu
19/3, 10/5",,"Sg. Buloh
18/3, 11/10, 15/10, 24/3",,,
,,,,,"Sg. Binjai
13-14/11",,,,,,,
,,,,,,,,,,,,
,,,,,,,,,,,,
,,,,,,,,,,,,
,,,,,,,,,,,,
River & Date of Flood,,"Sg. Klang
9/4, 19/4, 4/9, 8/10","Sg. Klang
29/4, 7/10, 5/11, 9-10/11, 12/11, 26/11","Sg. Kuyoh
21/2, 7/5, 15/7, 21/7, 12/8, 27/9, 31/10, 7/11, 24/12 ","Sg. Kuyoh
5/1, 2/4, 5/4, 21/10, 5/11","Sg. Damansara
27/2, 26/10","Sg. Gombak
1/11","Sg. Kuyoh
18/2","Sg. Damansara
27/2, 4/6","Sg. Klang / Sg. Rasau
12/4","Sg. Damansara/ Sg. Pelumut
24/4",
,,"Sg. Kuyoh
3/4, 9/4","Sg. Kuyoh
30/10, 10/11","Sg. Damansara / Sg. Klang
3/12","Sg. Damansara
20/1, 2/4, 5/4, 28/5, 29/9, 5/11, 12/11, 15/11","Sg. Klang
10/1, 28/3, 15/7, 15/10, 20/10, 22/10, 10/11, 30/11, 25/12, 29/12","Sg. Pusu
26/3, 30/10","Sg. Damansara
21/3, 10/6, 13/10, ","Sg. Klang
27/2, 11/3, 14/3, 3/6, 26/5, 25/8, 16/10","Sg. Klang / Sg. Air Itam
23/2","Sg. Damansara
2/6",
,,"Sg. Kayu Ara /
Sg. Chempaka
9/4","Sg. Damansara
10/1, 1/9, 6/10","Sg. Damansara
7/5, 16/7, 13/8, 31/10","Sg. Hitam
5/11","Sg. Klang / Sg. Kapar Besar
4/11","Sg. Klang
12/2, 16/2, 29/3, 8-9/4, 14/4, 20/4, 22/5, 26/5, 23/6, 9/9, 21/10, 25/10, 28/10, 11/11","Sg. Klang
21/3,23/3","Sg. Klang / Sg. Rasau
10/4, 8/7, 1/9, 7/10, 8/12","Sg. Batu
13/4, 15/4, 7/11","Sg. Klang
15/11",
,,"Sg. Damansara
3/4, 9/4, 13/4, 19/4, 4/9","Sg. Takil
6/10","Sg. Baru
8/11","Sg. Klang
2/4, 15/7, 17/7, 5/11, 24/11",,"Sg. Klang / Sg. Kapar Besar
11/11","Sg. Ampang
10/6","Sg. Klang  / Sg. Seputeh
27/8",,"Sg. Klang / Sg. Air Hitam
1/5, 18/5, 18-21/5",
,,"Sg. Rasau
3/4",,"Sg. Klang
25/1, 8/3, 13/3, 8/4, 19/4, 7/5, 16/7, 2/10,
14-17/11, 8/12",,,"Sg. Keruh
10/5","Sg. Batu
3/3, 20/10","Sg. Kayu Ara
11/10",,"Sg. Klang / Anak Sg. Damansara
15/11, 1/12",
,,"Sg. Ampang
*No. info on date",,,,,"Sg. Kuyoh
21/6, 15/11
","Sg. Pusu
26/9",,,"Sg. Klang / Sg. Damansara
20/5",
,,,,,,,"Sg. Damansara
1/1, 6/1, 23/1, 15/2, 26/2, 5/3, 25/8, 9/9, 20/10, 23/10",,,,"Sg. Klang / Sg. Kayu Ara
20/5",
River & Date of Flood,,,,,,,,,,,"Sg. Klang/ Sg. Teluk Gadong Besar
20/3",
,,,,,,,,,,,"Sg. Ampang / Sg. Seputih
18/5, 25/11",
,,,,,,,,,,,"Sg. Batu
22/3",
,,,,,,,,,,,,
,,,,,,,,,,,,
,,,,,,,,,,,,
,,,,,,,,,,,,
River & Date of Flood,,"Sg. Langat /
Sg. Semenyih
3/4, 9/4","Sg. Aur
10/11","Sg. Langat
13/4, 25/6, 17/11
","Sg. Labu
20/2, 2/11, 5-7/11","Sg. Labu
27/2, 3/4","Sg. Rinching
18/1","Sg. Labu
9/6, 10/9","Sg. Langat
13-17/3, 23-24/3, 23-24/4, 8/6, 29/6, 16/10, 21-22/10, 27/11, 8-9/12","Sg. Langat
13/3, 23-24/3, 13/4, 26/4, 1/9, 21/10, 10/11","Sg. Langat
10/5, 18/5, 19/8, 19-23/9",
,,"Sg. Langat
9/4, 19/4, 17-19/11","Sg. Langat
29-30/4, 26/8,
1-4/5, 19-20/11","Sg. Lui/ Sg. Paya Lebar
12-13/11, 16/11","Sg. Langat
2/4, 21/10, 5/11, 12/11","Sg. Sompo
4/4","Sg. Langat
1-5/1, 9/4, 10/5, 21/6, 12/10, 26/10","Sg. Langat
19/2, 27/4, 2/6, 10/6, 3/9, 7/10, 22/10, 9/11","Sg. Langat / Sg. Semenyih
29/11","Sg. Langat / Sg. Mukim Batu
18/9","Sg. Langat / Sg. Labu
10/5, 17/9",
,,"Sg. Cheras
*No. info on date","Sg. Semenyih
29-30/4","Sg. Labu
8/4, 24/6, 16/7,
13-14/8, 3-4/11","Sg. Lui
5/11","Sg. Langat / Sg. Lui
24/5, 13/10, 12/12","Sg. Langat / 
Sg. Lui
21/3, 18/4",,"Sg. Langat / Sg. Labu
28/11","Sg. Langat / Sg. Bangi
22/2","Sg. Langat / Sg. Merab
10/5",
,,"Sg. Balak
*No. info on date",,,,,"Sg. Lui
15/10",,"Sg. Langat/ Sg. Merbau
25/2","Sg. Beranang / Sg. Sompo
1-2/3","Sg. Langat / Sg. Jenderam
10/5, 18/5, 17/9",
,,"Sg. Jai
9/4",,,,,"Sg. Labu
2/11",,"Sg. Langat / Sg. Rinching / Sg. Bangi
22/3, 23/11","Sg. Jai
1/3","Sg. Langat / Sg. Limau Manis
19/9",
,,"Sg. Sompo
9/4",,,,,,,"Sg. Langat / Sg. Serai
15/10","Sg. Btg. Labu
13/4","Sg. Merab
16/8",
,,"Sg. Beranang
9/4",,,,,,,"Sg. Kelanang
5/9",,,
,,,,,,,,,,,,
,,,,,,,,,,,,
,,,,,,,,,,,,
,,,,,,,,,,,,
River & Date of Flood,,,,,,,,"Sg. Pelek
1/4",,"Sg. Sepang Besar
12/4, 18/11",,
,,,,,,,,,,"Sg. Sepang Besar / Sg. Keroh
14/5",,
,,,,,,,,,,,,
,,,,,,,,,,,,
,,,,,,,,,,,,
,,,,,,,,,,,,KualaLumpur
River & Date of Flood,,"Sg. Klang
9/4, 19/4, 26/4, 6/6, 4/9, 8/10, 29/10","Sg. Klang
29/4, 6/5, 11/6, 6/9, 7-8/10, 5/11, 9-10/11, 12/11, 26/11, 21/12","Sg. Klang
25/1, 8/3, 13/3,  8/4, 19/4, 7/5, 10/6, 16/7, 21/7, 2/10, 14-17/11, 8/12","Sg. Klang
2/4, 27/5, 15/7, 17/7, 5/11, 24/11","Sg. Klang
10/1, 28/3, 15/7, 15/10, 20/10, 22/10, 10/11, 30/11, 25/12, 29/12","Sg. Gombak
1/11","Sg. Klang
21/3,23/3, 3/6, 10/6","Sg. Klang
27/2, 11/3, 14/3, 26/5, 3/6, 25/8, 16/10","Sg. Batu
3/2, 3/3, 13/4, 15/4, 7/11","Sg. Klang
16/5, 18/5, 15/11",
,,"Sg. Batu
25/1, 9/4, 26/4","Sg. Batu
29/4, 11/6","Sg. Gombak
10/6","Sg. Kerayong
8/2","Sg. Kerayong
22/4","Sg. Klang
12/2, 16/2, 29/3, 
8-9/4, 14/4, 18/4, 20/4, 10/5, 22/5, 26/5, 23/6, 25/8, 9/9, 5/10, 21/10, 25/10, 28/10, 11/11, 19/11","Sg. Ampang
10/6",,"Sg. Keroh
3/2, 3/3","Sg. Batu
22/3",
,,"Sg. Gombak
9/4, 26/4","Sg. Gombak
11/6","Sg. Kerayong
10/6, 21/6, 17/11","Sg. Gombak
16/7","Sg. Keroh
13/10","Sg. Keruh
10/5","Sg. Kerayong
2/6",,"Sg. Gombak
3/3","Sg. Kerayong
1/3, 18/5",
,,"Sg. Bunus
26/4, 6/6","Sg. Kerayong
8/11","Sg. Batu
10/6","Sg. Batu
16/7","Sg. Batu
 30/12","Sg. Kerayong
6/4","Sg. Batu
3/3, 20/10",,"Sg. Bunus
3/3","Sg. Gombak
25/5",
,,"Sg. Ampang
*No. info on date",,"Sg. Bunus
10/6, 21/7, 14/8",,,,,,"Sg. Kerayong
3/12",,
,,,,,,,"Sg. Kerayong
4/6",,,,,
,,,,,,,,,,,,
,,,,,,,,,,,,
,,,,,,,,,,,,
,,,,,,,,,,,,NegeriSembilan
River & Date of Flood,,,,,,,,"Sg. Sirusa
30/7, 4/9",,,,
,,,,,,,,"Sg. Pak Mail
4/9",,,,
,,,,,,,,"Sg. Puting
4/9",,,,
,,,,,,,,"Pt. Bakar Arang
4/9",,,,
,,,,,,,,,,,,
,,,,,,,,,,,,
,,,,,,,,,,,,
,,,,,,,,,,,,
River & Date of Flood,,"Sg. Linggi
17/11","Sg. Temiang
7/4, 14/10",,"Sg. Linggi
17-18/7","Sg. Linggi
3/4","Sg. Linggi
18-26/12","Sg. Linggi
25/2, 30/7, 4/9","Sg. Temiang
16/4","Sg. Lenggeng
1/3","Sg. Linggi
17/9, 20/9, 29/9, 14/11",
,,"Sg. Simpang Ampat
17/11","Sg. Linggi
14/10, 10/11",,"Sg. Ibor
17/7",,,"Sg. Paroi
28/11","Sg. Lenggeng
16/4","Anak Air Sg. Lenggeng
1/3",,
,,,"Sg. Pedas
11/10",,"Sg. Pedas
17/7",,,"Sg. Tanah Merah
30/7","Sg. Btg. Penar
29/6","Sg. Mendom
1/3",,
,,,,,"Sg. Rembau
17-18/7",,,"Sg. Jimah
30/7, 4/9","Sg. Paroi
29/6","Sg. Temiang
1/3, 31/10",,
,,,,,,,,"Sg. Menyala
30/7, 4/9","Sg. Simin
19/10","Sg. Btg. Penar
1/3, 15/4, 28/10",,
,,,,,,,,"Sg. Saguni
30/7, 4/9",,"Sg. Paroi
1/3, 15/4, 28/10",,
,,,,,,,,"Sg. Raya
30/7, 4/9",,"Sg. Linggi
1/3, 15/4, 28/10",,
,,,,,,,,"Sg. Linggi
30/7, 4/9",,"Sg. Btg. Jerlang
1/3",,
,,,,,,,,"Pt. Rancangan Saliran Chuah
4/9",,"Sg. Rembau
1/3",,
,,,,,,,,"Sg. Bukit Lintang
4/9",,"Sg. Pedas
1/3",,
,,,,,,,,"Sg. Rembau
4/9",,"Sg. Siput
2/3",,
,,,,,,,,"Sg. Pedas
4/9",,"Sg. Jernih
2/3",,
,,,,,,,,,,"Sg. Simpang Ampat
2/3",,
,,,,,,,,,,,,
,,,,,,,,,,,,
,,,,,,,,,,,,
,,,,,,,,,,,,Melaka
River & Date of Flood,,"Sg. Baru
27/9",,,,,,,,,,
,,,,,,,,,,,,
,,,,,,,,,,,,
,,,,,,,,,,,,
,,,,,,,,,,,,
River & Date of Flood,,"Sg. Melaka
29/8","Sg. Udang
5/7",,"Sg. Melekek
11-12/7",,"Sg. Durian Tunggal
3/10, 18-26/12","Sg. Melaka
9/5","Sg. Tampin
30/4, 27/11","Sg. Buloh
2/3","Sg. Tampin
22/3, 20/5",
,,"Sg. Alor Gajah
27/9","Sg. Putat
5/7, 10/7",,"Sg. Durian Daun
20/7",,"Sg. Melaka
18/4, 18/11, 
18-26/12","Sg. Air Salak
8/9","Sg. Melaka
4/10, 8/12","Sg. Lendu
2/3",,
,,,,,,,"Sg. Air Hitam
3/10",,"Sg. Durian Tunggal
8/12","Sg. Rantau Panjang
2/3",,
,,,,,,,"Sg. Durian Daun
18-26/12",,,"Sg. Btg. Melekek
2/3",,
,,,,,,,,,,"Sg. Kemus
2/3",,
,,,,,,,,,,"Sg. Perling
2/3",,
,,,,,,,,,,"Sg. Cerana Putih
2/3",,
,,,,,,,,,,"Sg. Melaka
27/7, 5/8",,
,,,,,,,,,,"Sg. Putat
27/7",,
,,,,,,,,,,,,
,,,,,,,,,,,,
,,,,,,,,,,,,
,,,,,,,,,,,,
River & Date of Flood,,,"Sg. Duyong
5/7, 10/7",,,,"Sg. Gapam 
18-26/12",,,,,
,,,,,,,"Sg. Parit China
18-26/12",,,,,
,,,,,,,,,,,,
,,,,,,,,,,,,
,,,,,,,,,,,,
,,,,,,,,,,,,
River & Date of Flood,,"Sg. Asahan
7/5","Sg. Rim
19/11",,"Sg. Merlimau
16/7","Sg. Kesang
31/5","Sg. Kesang
21/3, 23-29/11,
17-26/12","Sg. Tangkak
11-15/1","Sg. Merlimau
8/12","Sg. Merlimau
27/7",,
,,"Sg. Merlimau
8/6, 18/6","Sg. Kesang
19/11",,"Sg. Kesang
20/7, 30/9, 3/11",,"Sg. Merlimau
18-26/12","Sg. Gersik
11-15/1","Sg. Rambai
8/12",,,
,,,"Sg. Asahan
19/11",,"Sg. Gadek
3/11",,"Sg. Tangkak
17-21/12","Sg. Kesang
11-15/1",,,,
,,,,,,,"Sg. Gersik
17-21/12",,,,,
,,,,,,,,,,,,
,,,,,,,,,,,,
,,,,,,,,,,,,
,,,,,,,,,,,,Johor
River & Date of Flood,,,"Sg. Kg. Dato' Johan
11/10",,"Sg. Kundur
17/7","Sg. Jempol
4/4","Sg. Muar
17-21/12","Sg. Muar
11-15/1, 11-12/12",,"Sg. Terachi
1/3","Sg. Muar
14/11, 26/11",
,,,,,,"Sg. Ghalib
4/4","Sg. Segamat
17-21/12","Sg. Segamat
11-15/1",,"Sg. Kundur
1/3","Sg. Kepis
14/11",
,,,,,,"Sg. Anak Air Kayu Ara
19/11","Sg. Serom
17-21/12","Sg. Serom
11-15/1",,,"Sg. Gemencheh
7/7, 14/11",
,,,,,,,"Sg. Lenga
17-21/12","Sg. Lenga
11-15/1",,,"Sg. Asahan
20/5, 1/7, 7/7",
,,,,,,,"Sg. Bukit Serampang
17-21/12","Sg. Bukit Serampang
11-15/1",,,,
,,,,,,,"Sg. Air Hitam
17-21/12","Sg. Air Hitam
11-15/1",,,,
,,,,,,,"Sg. Kundang
17-21/12","Sg. Kundang
11-15/1",,,,
,,,,,,,"Sg. Terap / Sg. Raya
17-21/12","Sg. Terap / Sg. Raya
11-15/1",,,,
,,,,,,,"Sg. Juasseh
17-21/12","Sg. Juasseh
11-15/1",,,,
,,,,,,,"Sg. Labis
17-21/12","Sg. Labis
11-15/1",,,,
,,,,,,,"Sg. Tenang
17-21/12","Sg. Tenang
11-15/1",,,,
,,,,,,,"Sg. Kapeh
17-21/12","Sg. Kapeh
11-15/1",,,,
,,,,,,,"Sg. Chodan
17-21/12","Sg. Chodan
11-15/1",,,,
,,,,,,,"Sg. Jementah
17-21/12","Sg. Jementah
11-15/1",,,,
,,,,,,,"Sg. Jenalim
17-21/12","Sg. Jenalim
11-15/1",,,,
,,,,,,,"Sg. Merlimau
17-21/12","Sg. Merlimau
11-15/1",,,,
,,,,,,,,"Anak Air Ponting
20/1",,,,
,,,,,,,,"Sg. Jelai
20/1",,,,
,,,,,,,,"Anak Air Ulu Bendul
9/3",,,,
,,,,,,,,"Sg. Batang Pilah
26/4",,,,
,,,,,,,,"Sg. Gemas
11-12/12",,,,
,,,,,,,,,,,,
,,,,,,,,,,,,
,,,,,,,,,,,,
,,,,,,,,,,,,
River & Date of Flood,,,,"Sg. Sarang Buaya
8-9/12",,,,,,,,
,,,,,,,,,,,,
,,,,,,,,,,,,
,,,,,,,,,,,,
,,,,,,,,,,,,
River & Date of Flood,,,,,,,"Sg. Batu Pahat / Sg. Simpang Kiri
17-21/12","Sg. Batu Pahat / Sg. Simpang Kiri
11-15/1",,,,
,,,,,,,"Sg. Batu Pahat / Sg. Bekok
17-21/12","Sg. Batu Pahat / Sg. Bekok
11-15/1",,,,
,,,,,,,"Sg. Batu Pahat / Sg. Sembrong
17-21/12","Sg. Batu Pahat / Sg. Sembrong
11-15/1",,,,
,,,,,,,"Sg. Batu Pahat / Sg. Simpang Kanan
17-21/12","Sg. Batu Pahat / Sg. Simpang Kanan
11-15/1",,,,
,,,,,,,"Sg. Senggarang
17-21/12","Sg. Senggarang
11-15/1",,,,
,,,,,,,"Sg. Lenek
17-21/12","Sg. Lenek
11-15/1",,,,
,,,,,,,"Sg. Bangka
17-21/12","Sg. Bangka
11-15/1",,,,
,,,,,,,"Sg. Chaah
17-21/12","Sg. Chaah
11-15/1",,,,
,,,,,,,"Sg. Bekok
17-21/12","Sg. Bekok
11-15/1",,,,
,,,,,,,,,,,,
,,,,,,,,,,,,
,,,,,,,,,,,,
,,,,,,,,,,,,
River & Date of Flood,,,,,,,,,,,,
,,,,,,,,,,,,
,,,,,,,,,,,,
,,,,,,,,,,,,
,,,,,,,,,,,,
River & Date of Flood,,,,,,,"Sg. Benut
18-21/12","Sg. Benut
11-15/1",,,,
,,,,,,,"Sg. Berumbung
18-21/12","Sg. Berumbung
11-15/1",,,,
,,,,,,,"Pt. Hj. Hashim
18-21/12","Pt. Hj. Hashim
11-15/1",,,,
,,,,,,,"Sg. Tampok
18-21/12","Sg. Tampok
11-15/1",,,,
,,,,,,,,,,,,
,,,,,,,,,,,,
,,,,,,,,,,,,
,,,,,,,,,,,,
River & Date of Flood,,,,,,,"Sg. Sanglang
17-21/12","Sg. Sanglang
11-15/1",,,,
,,,,,,,,,,,,
,,,,,,,,,,,,
,,,,,,,,,,,,
,,,,,,,,,,,,
River & Date of Flood,,,,,,,"Sg. Ayer Baloi
17-21/12","Sg. Ayer Baloi
11-15/1",,,,
,,,,,,,,,,,,
,,,,,,,,,,,,
,,,,,,,,,,,,
,,,,,,,,,,,,
River & Date of Flood,,,,,,,"Sg. Pontian Kecil
17-21/12","Sg. Pontian Kecil
11-15/1",,,,
,,,,,,,"Sg. Pontian Besar
17-21/12","Sg. Pontian Besar
11-15/1",,,,
,,,,,,,"Sg. Air Hitam
17-21/12","Sg. Air Hitam
11-15/1",,,,
,,,,,,,"Sg. Rambah
17-21/12","Sg. Rambah
11-15/1",,,,
,,,,,,,,,,,,
,,,,,,,,,,,,
,,,,,,,,,,,,
,,,,,,,,,,,,
River & Date of Flood,,,,,,,"Sg. Pulai / Sg. Ulu Pulai/ Sg. Choh
17-21/12","Sg. Pulai / Sg. Ulu Pulai/ Sg. Choh
11-15/1",,,,
,,,,,,,,,,,,
,,,,,,,,,,,,
,,,,,,,,,,,,
,,,,,,,,,,,,
River & Date of Flood,,"Sg. Skudai
18/1",,,,,"Sg. Skudai
17-21/12","Sg. Skudai
11-15/1",,,"Sg. Skudai
23/6, 21/7, 21/9",
,,,,,,,,,,,,
,,,,,,,,,,,,
,,,,,,,,,,,,
,,,,,,,,,,,,
River & Date of Flood,,"Sg. Plentong
18/1",,,,,"Sg. Tebrau
17-21/12","Sg. Tebrau
11-15/1",,,,
,,,,,,,"Sg. Plentong
17-21/12","Sg. Plentong
11-15/1",,,,
,,,,,,,,,,,,
,,,,,,,,,,,,
,,,,,,,,,,,,
,,,,,,,,,,,,
River & Date of Flood,,"Sg. Masai
18/1",,,,,"Sg. Sayong
17-21/12","Sg. Sayong
11-15/1",,,,
,,"Sg. Sayong
18/1",,,,,"Sg. Johor
17-21/12","Sg. Johor
11-15/1",,,,
,,,,,,,"Sg. Tiram
17-21/12","Sg. Tiram
11-15/1",,,,
,,,,,,,"Sg. Pok Kecil
17-21/12","Sg. Pok Kecil
11-15/1",,,,
,,,,,,,"Sg. Kempas
17-21/12","Sg. Kempas
11-15/1",,,,
,,,,,,,,,,,,
,,,,,,,,,,,,
,,,,,,,,,,,,
,,,,,,,,,,,,
River & Date of Flood,,,,,,,,,,,,
,,,,,,,,,,,,
,,,,,,,,,,,,
,,,,,,,,,,,,
,,,,,,,,,,,,
River & Date of Flood,,,,,,,,,,,,
,,,,,,,,,,,,
,,,,,,,,,,,,
,,,,,,,,,,,,
,,,,,,,,,,,,
River & Date of Flood,,,,,,,,,,,,
,,,,,,,,,,,,
,,,,,,,,,,,,
,,,,,,,,,,,,
,,,,,,,,,,,,
River & Date of Flood,,,,,,,,,,,,
,,,,,,,,,,,,
,,,,,,,,,,,,
,,,,,,,,,,,,
,,,,,,,,,,,,
River & Date of Flood,,"Parit Batu 7, Kg. Wak Salam
18/1",,"Sg. Jemaluang
8-9/12",,,,,,,,
,,"Sg. Paya Dato
18/1",,"Sg. Jemaluang / Sg. Paya Dato
8-9/12",,,,,,,,
,,,,,,,,,,,,
,,,,,,,,,,,,
,,,,,,,,,,,,
,,,,,,,,,,,,
River & Date of Flood,,"Sg. Lengan Baju
17-18/1",,"Sg. Mersing
8-9/12",,," Sg. Tenglu Besar
17-21/12","Sg. Tenglu  Besar
11-15/1",,,,
,,"Parit Tadahan Pengkalan Batu
18/1",,"Sg. Derhaka / Pt. Tahan
8-9/12",,,,,,,,
,,"Parit Kg. Paya Pengkalan Batu
18/1",,,,,,,,,,
,,"Sg. Tenglu Besar
17-18/1",,,,,,,,,,
,,"Sg. Teluk Buih
17-18/1",,,,,,,,,,
,,"Sg. Air Merah
18/1",,,,,,,,,,
,,"Sg. Derhaka
18/1",,,,,,,,,,
,,"Sg. Tenglu Kecil
18/1",,,,,,,,,,
,,"Sg. Selang Bani
18/1",,,,,,,,,,
,,"Sg. Segenting
17-18/1",,,,,,,,,,
,,,,,,,,,,,,
,,,,,,,,,,,,
,,,,,,,,,,,,
,,,,,,,,,,,,
River & Date of Flood,,"Sg. Tekedai / Sg. Air Tawar
18/1",,"Sg. Endau / Sg. Padang
8-9/12",,,"Sg. Endau
17-21/12","Sg. Endau
11-15/1",,,,
,,"Sg. Semanyir
18/1",,"Sg. Endau / Pt. Besar Semanyir
8-9/12",,,"Sg. Lenggor
17-21/12","Sg. Lenggor
11-15/1",,,,
,,"Sg. Padang
18/1",,"Sg. Tekedai
8-9/12",,,"Sg. Melantai
17-21/12","Sg. Melantai
11-15/1",,,,
,,"Sg. Ngang
18/1",,"Sg. Triang Kecil
8-9/12",,,"Sg. Sembrong Kecil
17-21/12","Sg. Sembrong Kecil
11-15/1",,,,
,,"Sg. Air Hitam
18/1",,"Sg. Endau / Sg. Semaloi
8-9/12",,,"Sg. Mengkibol
17-21/12","Sg. Mengkibol
11-15/1",,,,
,,"Sg.Mengkibol
18/1",,,,,"Sg. Kahang
17-21/12","Sg. Kahang
11-15/1",,,,
,,,,,,,"Sg. Marong
17-21/12","Sg. Marong
11-15/1",,,,
,,,,,,,,"Sg. Anak Endau
7-22/12",,,,
,,,,,,,,,,,,
,,,,,,,,,,,,
,,,,,,,,,,,,
,,,,,,,,,,,,
River & Date of Flood,,,,,,,,"Sg. Pontian
7-22/12",,,,Pahang
,,,,,,,,,,,,
,,,,,,,,,,,,
,,,,,,,,,,,,
,,,,,,,,,,,,
River & Date of Flood,,,,"Sg. Rompin / Sg. Keratong
23/1-1/2","Sg. Rompin
6/2",,,"Sg. Keratong
7-22/12",,,,
,,,,,,,,"Sg. Rompin
7-22/12",,,,
,,,,,,,,"Sg. Sawak
7-22/12",,,,
,,,,,,,,"Sg. Pukin
7-22/12",,,,
,,,,,,,,,,,,
,,,,,,,,,,,,
,,,,,,,,,,,,
,,,,,,,,,,,,
River & Date of Flood,,,,,,,,,,,,
,,,,,,,,,,,,
,,,,,,,,,,,,
,,,,,,,,,,,,
,,,,,,,,,,,,
River & Date of Flood,,,,,,,,,,,,
,,,,,,,,,,,,
,,,,,,,,,,,,
,,,,,,,,,,,,
,,,,,,,,,,,,
River & Date of Flood,,"Sg. Pahang
27/12, 23-29/12","Sg. Serting
11/10","Sg. Pahang
13-22/1","Sg. Bentong
13/1, 9/11","Sg. Pah
3/4",,"Sg. Serting
29/3, 11-13/12","Sg. Jelai
25-26/12","Sg. Triang
27/8, 6/12","Sg. Triang
23/3, 19/8, 29/11",
,,"Sg. Jelai
23/12","Sg. Pahang
13/12","Sg. Pahang / Sg. Semantan
30/6-1/7, 1/6, 1/7","Sg. Pahang
8-11/12","Sg. Klawang
3-4/4",,"Sg. Triang
12/11",,"Sg. Pahang
2-6/1, 5/12","Sg. Serting
31/3, 16/7, 18/7",
,,,,,"Sg. Tekai
9/11",,,"Sg. Jerang
12/11",,"Sg. Maran
5/12","Sg. Kenaboi
19/8",
,,,,,,,,"Sg. Kenaboi
12/11",,"Sg. Chedong
5/12","Sg. Chempedak
29/9",
,,,,,,,,"Sg. Pertang
12/11",,,,
,,,,,,,,"Sg. Ulu Jelebu
12/11",,,,
,,,,,,,,"Sg. Gelami Lemi
12/11",,,,
,,,,,,,,"Sg. Chempedak
12/11",,,,
,,,,,,,,,,,,
,,,,,,,,,,,,
,,,,,,,,,,,,
,,,,,,,,,,,,
River & Date of Flood,,,,,,,,,,"Sg. Penur
5/12",,
,,,,,,,,,,,,
,,,,,,,,,,,,
,,,,,,,,,,,,
,,,,,,,,,,,,
River & Date of Flood,,"Sg. Kuantan
15/12","Sg. Kuantan
10/12, 13/12","Sg. Kuantan / Sg. Kenau / Sg. Pinang
9/12","Sg. Kuantan
8-11/12",,,,,"Sg. Kuantan
2-6/1, 5/12",,
,,,,"Sg. Kuantan / Sg. Belat
9-10/12",,,,,,"Sg. Belat
2-6/1, 5/12",,
,,,,"Sg. Kuantan / Sg. Galing Kechil / Sg. Pandan
9/12, 13/12",,,,,,"Sg. Soi
5/12",,
,,,,"Sg. Kuantan / Sg. Panching / Sg. Riau
9-11/12",,,,,,"Sg. Pandan
5/12",,
,,,,"Sg. Kuantan / Sg. Isap / Sg. Belat / Parit Jawa / Sg. Pandan / Sg. Tiram / Sg. Galing Besar
9-13/12",,,,,,"Sg. Air Hitam
5/12",,
,,,,,,,,,,"Sg. Lepar
5/12",,
,,,,,,,,,,,,
,,,,,,,,,,,,
,,,,,,,,,,,,
,,,,,,,,,,,,
River & Date of Flood,,,,,,,,,,,"Sg. Baluk
30/12",
,,,,,,,,,,,,
,,,,,,,,,,,,
,,,,,,,,,,,,
,,,,,,,,,,,,
River & Date of Flood,,,,,,,,,,"Cg. Cherating
5/12",,
,,,,,,,,,,,,
,,,,,,,,,,,,
,,,,,,,,,,,,
,,,,,,,,,,,,
,,,,,,,,,,,,
,,,,,,,,,,,,
,,,,,,,,,,,,
,,,,,,,,,,,,Terengganu
River & Date of Flood,,"Sg. Chukai
16-17/12",,"Sg. Kemaman
13/9, 29/11-2/12, 
9-13/12",,,,,,"Sg. Kemaman
4/1, 3-4/12","Sg. Kemaman
19-20/12, 30-31/12",
,,"Sg. Ibok
15/12",,"Sg. Kemasik
29/11-2/12",,,,,,"Sg. Chukai
3-4/12",,
,,"Sg. Kemaman
17/11, 15/12, 23-26/12, 30/12",,"Sg. Ibok
29/11-2/12",,,,,,"Sg. Ibok
3-4/12",,
,,"Sg. Pinang
15/12, 23/12",,"Sg. Pinang
30/11-2/12",,,,,,,,
,,"Sg. Musang
23/12",,"Sg. Tebak
1-2/12",,,,,,,,
,,,,,,,,,,,,
,,,,,,,,,,,,
,,,,,,,,,,,,
,,,,,,,,,,,,
River & Date of Flood,,,,"Sg. Kertih
29/11-2/12",,,,,,,,
,,,,,,,,,,,,
,,,,,,,,,,,,
,,,,,,,,,,,,
,,,,,,,,,,,,
River & Date of Flood,,,,,,,,,,,,
,,,,,,,,,,,,
,,,,,,,,,,,,
,,,,,,,,,,,,
,,,,,,,,,,,,
River & Date of Flood,,"Sg. Dungun
15/12",,"Sg. Dungun
29/11-2/12",,,,,"Sg. Dungun
9/12, 11-12/12",,"Sg. Dungun
19-20/12, 30-31/12",
,,,,,,,,,,,,
,,,,,,,,,,,,
,,,,,,,,,,,,
,,,,,,,,,,,,
River & Date of Flood,,,,"Sg. Mercang
29/11-2/12",,,,,,"Sg. Mercang
21-28/11",,
,,,,,,,,,,,,
,,,,,,,,,,,,
,,,,,,,,,,,,
,,,,,,,,,,,,
River & Date of Flood,,"Sg. Kijing / Sg. Rinting
18/11",,"Sungai Marang
1-2/12",,,,,,"Sg. Marang
21-28/11",,
,,"Sg. Marang
23-25/12",,"Sungai Rinting / Sg. Kijing
29/11-2/12",,,,,,,,
,,,,,,,,,,,,
,,,,,,,,,,,,
,,,,,,,,,,,,
,,,,,,,,,,,,
River & Date of Flood,,,,"Sg. Ibai
2/12",,,,,,,,
,,,,,,,,,,,,
,,,,,,,,,,,,
,,,,,,,,,,,,
,,,,,,,,,,,,
River & Date of Flood,,"Sg. Terengganu
18/12",,"Sungai Nerus
2/12",,,,,"Sg. Terengganu
3/11, 20/11, 29/11, 30/11, 1-4/12, 6/12, ","Sg. Terengganu
11-12/1","Sg. Menerong
19/12, 31/12",
,,"Sg. Nerus
17/12",,"Sungai Tererngganu
9/12-13/12",,,,,"Sg. Nerus
3/11, 20/11, 29/11, 1-4/12, 6/12","Sg. Nerus
11-12/1, 6-8/11, 22/11","Sg. Telemong
18/12, 31/12",
,,"Sg. Takir / Sg. Buaya / Sg. Tepoh
18/11 ",,"Sungai Telemong
9/12-13/12",,,,,"Sg. Berang
30/11, 6/12","Sg. Berang
6-8/11","Sg. Nerus
18-19/12, 31/12",
,,"Sg. Tok Jiring
18/11",,"Sungai Menerong
9/12-13/12",,,,,,"Sg. Menerong
6-8/11",,
,,"Sg. Telemong
29-30/12",,,,,,,,,,
,,,,,,,,,,,,
,,,,,,,,,,,,
,,,,,,,,,,,,
,,,,,,,,,,,,
River & Date of Flood,,"Sg. Setiu
16-18/12",,"Sg. Setiu
9/12-13/12",,,,,"Sg. Setiu
29/11, 6/12","Sg. Setiu
4/1, 6-8/11, 22/11","Sg. Setiu
19-20/12, 30/12",
,,"Sg. Guntong
16/12",,"Sg. Penarik
9/12-13/12",,,,,"Sg. Tarom
29/11, 6/12","Sg. Tarom
4/1",,
,,"Sg. Caluk
16/12",,,,,,,"Sg. Calok
29/11, 6/12",,,
,,,,,,,,,,,,
,,,,,,,,,,,,
,,,,,,,,,,,,
,,,,,,,,,,,,
River & Date of Flood,,,,,,,,,,,,
,,,,,,,,,,,,
,,,,,,,,,,,,
,,,,,,,,,,,,
,,,,,,,,,,,,
River & Date of Flood,,"Sg. Besut
16-18/12","Sg. Besut
29-30/1","Sg. Besut
12/12",,,,,"Sg. Besut
9/11, 16/12","Sg. Besut
6-8/11, 21-28/11","Sg. Besut
1/11, 29-31/12",
,,,,"Sg. Jerteh
9/12-10/12",,,,,"Sg. Jertih
9/11, 16/12",,,
,,,,,,,,,,,,
,,,,,,,,,,,,
,,,,,,,,,,,,
,,,,,,,,,,,Kelantan,
River & Date of Flood,,,"Sg. Air Belaga
9-13/12",,"Sg. Puyu
29/11",,,,"Sg. Semerak
12/2, 21-23/11",,,
,,,,,"Sg. Rasau
29/11",,,,"Sg. Rasau
2-4/1, 12/2, 4-7/11, 21-23/11",,,
,,,,,"Sg.Tualang
29/11",,,,"Sg. Belida
4-7/11",,,
,,,,,"Sg.Telipot
29/11",,,,"Sg. Merkang
4-7/11",,,
,,,,,"Sg. Abal
29/11",,,,"Sg. Abal
2-4/1, 4-7/11",,,
,,,,,"Sg. Alor Tok Darasat
29/11",,,,"Sg. Merbol
4-7/11",,,
,,,,,"Sg. Danan
29/11",,,,,"Sg. Baring
4-7/11",,
,,,,,"Sg. Gali
29/11",,,,,"Sg. Yong
2-4/1, 4-7/11",,
,,,,,"Sg. Telipot
29/11",,,,,"Sg. Gali
2-4/1, 4-7/11",,
,,,,,"Sg. Lubuk Batu
29/11",,,,,"Sg. Taweh
4-7/11",,
,,,,,"Sg. Panchor Ara
29/11",,,,,"Sg. Telosan
4-7/11",,
,,,,,"Sg. Seligi
29/11",,,,,"Sg. Tualang
4-7/11",,
,,,,,,,,,,"Sg. Danan
4-7/11",,
,,,,,,,,,,"Sg. Abal
4-7/11",,
,,,,,,,,,,"Sg. Kelong
2-4/11",,
,,,,,,,,,,,,
,,,,,,,,,,,,
,,,,,,,,,,,,
,,,,,,,,,,,,
River & Date of Flood,,,,,,,,,,"Sg. Kemasin
11/7",,
,,,,,,,,,,,,
,,,,,,,,,,,,
,,,,,,,,,,,,
,,,,,,,,,,,,
River & Date of Flood,,"Sg. Kelantan
15-30/12, 23-29/12","Sg. Kelantan
13-24/12","Sg. Pergau
8-10/12","Sg. Kusial
8-12/12","Sg. Durian
12/8, 22-23/11","Sg. Kelantan
22/12-9/1/07","Sg. KeNo.r
7-9/1","Sg. Kelantan
28/11-11/12","Sg. Kelantan
3-8/1, 1-10/11,
20-26/11",,
,,"Sg. Sat
15-30/12","Sg. Lebir
13-24/12","Sg.Tadus
8-10/12","Sg. Kelantan
29-30/1, 8-16/12","Sg. Geh
17-19/12","Sg. Galas
21-22/12","Sg. Pergau
1/7","Sg. Kusial
29/11","Sg. Sat
4-7/11, 19-25/11",,
,,"Sg. Kerawang
15-30/12","Sg. Sat
9-13/12","Sg. Sat
9-16/12","Sg. Paku
8-12/12","Sg. Kelantan
9-16/12, 17-29/12","Sg. Ketil
21/12","Sg. Sat
1/7","Sg. Sat
29/11","Sg. Pergau
11/6",,
,,"Sg. Galang
15-30/12","Sg. Bagan
9-13/12","Sg. Bagan
9-16/12","Sg. Galas
29-30/1","Sg. Nal
17-19/12,
22-24/11","Sg. Chindai
21/12","Sg. Bakar
1/7","Sg. Bagan
29/11","Sg. Kuala Nal
3-6/1",,
,,"Sg. Joh
15-30/12","Sg. Nal
14-15/12","Sg. Kual
9-16/12","Sg. Geh
29-30/1","Sg. Sam
22-24/11","Sg. Kerak
21-22/12","Sg. Panyit
1/7","Sg. Kemubu
29/11",,,
,,"Sg. Pek
15-30/12","Sg. Bedal
14-15/12","Sg. Kemubu
9-16/12","Sg. Kerukut
29-30/1","Sg. Kusial
21/11-5/1/06","Sg. Chiku
21/12","Sg. Pek
1/7",,,,
,,"Sg. Suda
15-30/12",,"Sg. Kelantan
9-15/12","Sg. Nal
29-30/1, 10-15/12","Sg. Maka
21/11-5/1/06","Sg. Lebir
21-22/12","Sg. Suda
1/7",,,,
,,"Sg. Panyit
15-30/12",,"Sg.Galas
9-15/12","Sg. KeNo.r Mati
29-30/1","Sg. Kepat
21/11-5/1/06","Sg. Kepat
22/12-9/1/07","Sg. Kweng Hitam
1/7",,,,
,,"Sg. Dewan
15-30/12",,"Sg. Geh
9-15/12","Sg. KeNo.r
29-30/1, 10-15/12","Sg. Jegor 
21/11-5/1/06","Sg. Jegor
22/12-9/1/07","Sg. Kelantan
7-10/1",,,,
,,"Sg. Keladi
18-26/12",,"Sg. Kerukut
9-15/12","Sg. Enggong
29-30/1","Sg. Kepat
21/11-5/1/06","Sg. Kusial
22/12-9/1/07",,,,,
,,"Sg. Mulong
18-26/12",,"Sg. Nal
9-15/12","Sg. Stong Kecil
29-30/1","Sg. Pergau
21/11-5/1/06",,,,,,
,,"Sg. Lubok Mulong
18-26/12",,"Sg. KeNo.r Mati
9-15/12","Sg. Krai
29-30/1, 10-15/12","Sg. Taduh
22-23/12",,,,,,
,,"Sg. Pergau
18-20/12",,"Sg. KeNo.r 
9-15/12","Sg. Tebing
29-30/1, 10-15/12","Sg. Balah
22-23/12",,,,,,
,,"Sg. Tadoh
18-20/12",,"Sg. Enggong
9-15/12","Sg. Pas
29-30/1","Sg. Kerak
23-24/11",,,,,,
,,"Sg. Galas
22-23/12",,"Sg. Stong Kecil
9-15/12","Sg. Tasin
29-30/1","Sg. Baka
23-24/11",,,,,,
,,"Sg. Nenggiri
22-23/12",,"Sg. Krai / Sg.Tebing
9-15/12","Sg. Durian
29-30/1, 10-15/12","Sg. Sat
23-24/11, 
8-11/12, 
17-18/12",,,,,,
,,"Sg. Aring
22-23/12",,"Sg. Pas
9-15/12","Sg. Pergau
10-11/12","Sg. Kemubu
8-11/12, 17-18/12",,,,,,
,,"Sg. Chiku
22-23/12",,"Sg. Durian
9-15/12","Sg. Taduh
10-11/12","Sg. Bagan
8-11/12, 17-18/12",,,,,,
,,"Sg. Chindai
22-23/12",,,"Sg. Balah
10-11/12",,,,,,,
,,"Sg. Ketil
22-23/12",,,"Sg. Keroh
10-15/12",,,,,,,
,,"Sg. Relai
22-23/12",,,"Sg. Pahi
10-15/12",,,,,,,
,,"Sg. Kusial
23-29/12",,,"Sg. Pertang
10-15/12",,,,,,,
,,"Sg. Maka
24-29/12",,,"Sg. Sok
10-15/12",,,,,,,
,,"Sg. Malai
24-29/12",,,"Sg. Sam
10-15/12",,,,,,,
,,"Sg. Rambai
24-29/12",,,"Sg. Peria
10-15/12",,,,,,,
,,,,,"Sg. Gatal
10-15/12",,,,,,,
,,,,,"Sg. Sat
10-15/12",,,,,,,
,,,,,"Sg. Kemubu
10-15/12",,,,,,,
,,,,,"Sg. Bagan
10-15/12",,,,,,,
,,,,,,,,,,,,
,,,,,,,,,,,,
,,,,,,,,,,,,
,,,,,,,,,,,,
River & Date of Flood,,"Sg. Golok
23-26/12","Sg. Golok
9-13/12, 21-31/12","Sg. Lanas
8-10/12",,"Sg. Golok
17-29/12","Sg. Golok
21/12-9/1/07","Sg. Golok
7-10/1","Sg. Golok
28/11-11/12",,,
,,,,"Sg. Buloh
8-10/12",,"Sg. Kajang
21/11-5/1/06","Sg. Kajang
21/12-9/1/07",,,,,
,,,,"Sg. Golok
10-16/12",,"Sg. Tanah Merah
21/11-5/1/06","Sg. Tanah Merah
21/12-9/1/07",,,,,
,,,,,,"Sg. Jedok
21/11-5/1/06","Sg. Jedok
21/12-9/1/07",,,,,
,,,,,,"Sg. Asahan
21/11-5/1/06","Sg. Rengas
21-24/12",,,,,
,,,,,,"Sg. Kelisar
21/11-5/1/06","Sg. Tasik Garu
21-24/12",,,,,
,,,,,,"Sg. Air Batu
21/11-5/1/06","Sg. Meranti
21-24/12",,,,,
,,,,,,"Sg. Sendok
21/11-5/1/06",,,,,,
,,,,,,"Sg. Lanas 
21/11-5/1/06",,,,,,
,,,,,,"Sg. Buluh
21/11-5/1/06",,,,,,
,,,,,,,,,,,,
,,,,,,,,,,,,
,,,,,,,,,,,,
,,,,,,,,,,,,Sabah
River & Date of Flood,,,,,,,,,,,"Sg. Saliuh / Sg. Tagol
6-13/5",
,,,,,,,,,,,,
,,,,,,,,,,,,
,,,,,,,,,,,,
,,,,,,,,,,,,
River & Date of Flood,,,,,,,,,,,,
,,,,,,,,,,,,
,,,,,,,,,,,,
,,,,,,,,,,,,
,,,,,,,,,,,,
River & Date of Flood,,,,,,,,,,,,
,,,,,,,,,,,,
,,,,,,,,,,,,
,,,,,,,,,,,,
,,,,,,,,,,,,
River & Date of Flood,,,,,,,,,,,,
,,,,,,,,,,,,
,,,,,,,,,,,,
,,,,,,,,,,,,
,,,,,,,,,,,,
River & Date of Flood,,,,,,,,,,,,
,,,,,,,,,,,,
,,,,,,,,,,,,
,,,,,,,,,,,,
,,,,,,,,,,,,
River & Date of Flood,,,,,,,,,,,,
,,,,,,,,,,,,
,,,,,,,,,,,,
,,,,,,,,,,,,
,,,,,,,,,,,,
River & Date of Flood,,,,,,,,,,,,
,,,,,,,,,,,,
,,,,,,,,,,,,
,,,,,,,,,,,,
,,,,,,,,,,,,
River & Date of Flood,,,,,,,,,,,,
,,,,,,,,,,,,
,,,,,,,,,,,,
,,,,,,,,,,,,
,,,,,,,,,,,,
River & Date of Flood,,,,,,,,,,,,
,,,,,,,,,,,,
,,,,,,,,,,,,
,,,,,,,,,,,,
,,,,,,,,,,,,
River & Date of Flood,,,,,,,,"Sg. Merotai Besar
30/7",,,,
,,,,,,,,,,,,
,,,,,,,,,,,,
,,,,,,,,,,,,
,,,,,,,,,,,,
River & Date of Flood,,,,,"Sg. Kinabutan Kecil
1/5, 25/8",,,"Sg. Tawau
30/7",,"Sg. Kubota
25/2","Sg. Tawau
28/8, 13/9",
,,,,,"Sg. Tawau
25/8",,,"Sg. Kinabutan Besar
30/7",,"Sg. Kinabutan
25/2","Sg. Kubota
13/9",
,,,,,,,,,,"Sg. Membelua
25/2","Sg. Kinabutan Kecil
13/9",
,,,,,,,,,,"Sg. Tawau
25/2, 17/4",,
,,,,,,,,,,"Sg. Apas
17/4",,
,,,,,,,,,,,,
,,,,,,,,,,,,
,,,,,,,,,,,,
,,,,,,,,,,,,
River & Date of Flood,,,,,,,,,,,,
,,,,,,,,,,,,
,,,,,,,,,,,,
,,,,,,,,,,,,
,,,,,,,,,,,,
River & Date of Flood,,,,,,,,,,,,
,,,,,,,,,,,,
,,,,,,,,,,,,
,,,,,,,,,,,,
,,,,,,,,,,,,
River & Date of Flood,,,,,,,,,,,,
,,,,,,,,,,,,
,,,,,,,,,,,,
,,,,,,,,,,,,
,,,,,,,,,,,,
River & Date of Flood,,,,,,,,,,,,
,,,,,,,,,,,,
,,,,,,,,,,,,
,,,,,,,,,,,,
,,,,,,,,,,,,
River & Date of Flood,,,,,,,,,,,,
,,,,,,,,,,,,
,,,,,,,,,,,,
,,,,,,,,,,,,
,,,,,,,,,,,,
River & Date of Flood,,,,,,,,,,,,
,,,,,,,,,,,,
,,,,,,,,,,,,
,,,,,,,,,,,,
,,,,,,,,,,,,
River & Date of Flood,,,,,,,,,,,,
,,,,,,,,,,,,
,,,,,,,,,,,,
,,,,,,,,,,,,
,,,,,,,,,,,,
River & Date of Flood,,,,"Sg. Tabanak
22/12, 29/12",,,"Sg. Sepagaya
2/10",,,,"Sg. Tabanak
11/9",
,,,,"Sg. Sepagaya
29/12",,,,,,,,
,,,,"Sg. Panchuran
29/12",,,,,,,,
,,,,,,,,,,,,
,,,,,,,,,,,,
,,,,,,,,,,,,
,,,,,,,,,,,,
River & Date of Flood,,,,,,,,,,,,
,,,,,,,,,,,,
,,,,,,,,,,,,
,,,,,,,,,,,,
,,,,,,,,,,,,
River & Date of Flood,,,,,,,,,,,,
,,,,,,,,,,,,
,,,,,,,,,,,,
,,,,,,,,,,,,
,,,,,,,,,,,,
River & Date of Flood,,,,,,,,,,,,
,,,,,,,,,,,,
,,,,,,,,,,,,
,,,,,,,,,,,,
,,,,,,,,,,,,
River & Date of Flood,,,,,,,,,,,,
,,,,,,,,,,,,
,,,,,,,,,,,,
,,,,,,,,,,,,
,,,,,,,,,,,,
,,,,,,,,,,,,
,,,,,,,,,,,,
,,,,,,,,,,,,
,,,,,,,,,,,,
,,,,,,,,,,,,
River & Date of Flood,,,,,,,,,,,,
,,,,,,,,,,,,
,,,,,,,,,,,,
,,,,,,,,,,,,
,,,,,,,,,,,,
River & Date of Flood,,,,,,,,,,,,
,,,,,,,,,,,,
,,,,,,,,,,,,
,,,,,,,,,,,,
,,,,,,,,,,,,
River & Date of Flood,,,,,,,"Sg. Segama
11/2",,,,"Sg. Tengah Nipah
11/9",
,,,,,,,,,,,"Sg. Layong
11/9",
,,,,,,,,,,,"Sg. Segama
11/9",
,,,,,,,,,,,,
,,,,,,,,,,,,
,,,,,,,,,,,,
,,,,,,,,,,,,
River & Date of Flood,,,,,,,,,,,,
,,,,,,,,,,,,
,,,,,,,,,,,,
,,,,,,,,,,,,
,,,,,,,,,,,,
River & Date of Flood,,,,,,,,,,,,
,,,,,,,,,,,,
,,,,,,,,,,,,
,,,,,,,,,,,,
,,,,,,,,,,,,
River & Date of Flood,,,,"Sg. Kinabatangan
6/12/03-15/1/04","Sg. Kinabatangan
15/12/04-15/1/05","Sg. Kinabatangan
21/12/04-15/1/05","Sg. Kinabatangan
2/1-3/3",,,"Sg. Kinabatangan
4-23/2","Sg. Kinabatangan
15/1-5/2",
,,,,,,,,,,,,
,,,,,,,,,,,,
,,,,,,,,,,,,
,,,,,,,,,,,,
River & Date of Flood,,,,,,,,,,,,
,,,,,,,,,,,,
,,,,,,,,,,,,
,,,,,,,,,,,,
,,,,,,,,,,,,
River & Date of Flood,,,,,,,,,,,,
,,,,,,,,,,,,
,,,,,,,,,,,,
,,,,,,,,,,,,
,,,,,,,,,,,,
River & Date of Flood,,,,,,,,,,,,
,,,,,,,,,,,,
,,,,,,,,,,,,
,,,,,,,,,,,,
,,,,,,,,,,,,
River & Date of Flood,,,,,,,,,,,,
,,,,,,,,,,,,
,,,,,,,,,,,,
,,,,,,,,,,,,
,,,,,,,,,,,,
River & Date of Flood,,,,,,,,,,,,
,,,,,,,,,,,,
,,,,,,,,,,,,
,,,,,,,,,,,,
,,,,,,,,,,,,
River & Date of Flood,,,,,,,,,,,,
,,,,,,,,,,,,
,,,,,,,,,,,,
,,,,,,,,,,,,
,,,,,,,,,,,,
River & Date of Flood,,,,,,,,,,,,
,,,,,,,,,,,,
,,,,,,,,,,,,
,,,,,,,,,,,,
,,,,,,,,,,,,
River & Date of Flood,,,,,,,,,,,,
,,,,,,,,,,,,
,,,,,,,,,,,,
,,,,,,,,,,,,
,,,,,,,,,,,,
River & Date of Flood,,,,,,,,,,,,
,,,,,,,,,,,,
,,,,,,,,,,,,
,,,,,,,,,,,,
,,,,,,,,,,,,
River & Date of Flood,,,,,,,,,,,,
,,,,,,,,,,,,
,,,,,,,,,,,,
,,,,,,,,,,,,
,,,,,,,,,,,,
River & Date of Flood,,,,,,,,,,,,
,,,,,,,,,,,,
,,,,,,,,,,,,
,,,,,,,,,,,,
,,,,,,,,,,,,
River & Date of Flood,,"Sg. Matopang
29/5",,,,,"Sg. Gana
26/6",,,,,
,,,,,,,,,,,,
,,,,,,,,,,,,
,,,,,,,,,,,,
,,,,,,,,,,,,
River & Date of Flood,,,,,,,,,,,,
,,,,,,,,,,,,
,,,,,,,,,,,,
,,,,,,,,,,,,
,,,,,,,,,,,,
River & Date of Flood,,,,,,,,,,,,
,,,,,,,,,,,,
,,,,,,,,,,,,
,,,,,,,,,,,,
,,,,,,,,,,,,
River & Date of Flood,,,,,,,,,,,,
,,,,,,,,,,,,
,,,,,,,,,,,,
,,,,,,,,,,,,
,,,,,,,,,,,,
River & Date of Flood,,,,,,,,,,,,
,,,,,,,,,,,,
,,,,,,,,,,,,
,,,,,,,,,,,,
,,,,,,,,,,,,
River & Date of Flood,,,,,,,,,,,,
,,,,,,,,,,,,
,,,,,,,,,,,,
,,,,,,,,,,,,
,,,,,,,,,,,,
River & Date of Flood,,,,,,,,,,,,
,,,,,,,,,,,,
,,,,,,,,,,,,
,,,,,,,,,,,,
,,,,,,,,,,,,
River & Date of Flood,,,,,,,,,,,,
,,,,,,,,,,,,
,,,,,,,,,,,,
,,,,,,,,,,,,
,,,,,,,,,,,,
River & Date of Flood,,,,,,,,,,,,
,,,,,,,,,,,,
,,,,,,,,,,,,
,,,,,,,,,,,,
,,,,,,,,,,,,
River & Date of Flood,,,,"Sg. Kebatasan
21-22/12",,,,"Sg. Bengkoka
3-15/1",,"Sg. Bengkoka
14/1, 16/1",,
,,,,,,,,,,,,
,,,,,,,,,,,,
,,,,,,,,,,,,
,,,,,,,,,,,,
River & Date of Flood,,,,"Sg. Taka
21-22/12",,,,,,"Sg. Taka
14/1, 16/1",,
,,,,,,,,,,"Sg. Kelipoun
14/1, 16/1",,
,,,,,,,,,,"Sg. Rukom
14/1, 16/1",,
,,,,,,,,,,"Sg. Toyok
14/1, 16/1",,
RTB (Date of Completion),,,,,,,,,,,,
,,,,,,,,,,,,
,,,,,,,,,,,,
,,,,,,,,,,,,
River & Date of Flood,,,,"Sg. Tandek
21-22/12","Sg. Tandek
25/1",,,"Sg. Tandek
26/12, 29/12","Sg. Beliajong
3-4/1","Sg. Tandek
3-4/1, 12-16/1",,
,,,,"Sg. Rasak Darat
21-22/12",,,,,,"Sg. Magarutung
3-4/1, 12-16/1",,
,,,,,,,,,,"Sg. Rasak
3-4/1, 12-16/1",,
,,,,,,,,,,"Sg. Minardasung
3-4/1",,
,,,,,,,,,,"Sg. Linukaan
12-16/1",,
,,,,,,,,,,"Sg. Mondingi
12-16/1",,
,,,,,,,,,,,,
,,,,,,,,,,,,
,,,,,,,,,,,,
,,,,,,,,,,,,
River & Date of Flood,,,,"Sg. Bongon
21-22/12","Sg. Bongon
25/1",,"Sg. Bongon
7-9/2, 26/12, 
28-31/12","Sg. Bongon
1-9/1, 10/1, 13/1,","Sg. Bongon
3-4/1, 16-18/2","Sg. Bongon
3-4/1, 12-16/1",,
,,,,,,,,,,,,
,,,,,,,,,,,,
,,,,,,,,,,,,
,,,,,,,,,,,,
River & Date of Flood,,,"Sg. Bandau
7-16/1","Sg. Bandau
21-22/12","Sg. Bandau
25/1",,"Sg. Bandau
7-9/2","Sg. Bandau
3/1, 5/1, 7/1, 8/1, 10/1","Sg. Bandau
3-4/1","Sg. Bandau
3-4/1, 12-16/12",,
,,,,,,,,,,,,
,,,,,,,,,,,,
,,,,,,,,,,,,
,,,,,,,,,,,,
River & Date of Flood,,,,,"Sg. Bintasan
25/1",,,,,"Sg. Langkon
12-16/1",,
,,,,,"Sg. Mengaris
25/1",,,,,,,
,,,,,,,,,,,,
,,,,,,,,,,,,
,,,,,,,,,,,,
,,,,,,,,,,,,
River & Date of Flood,,,,,,,"Sg. Rampai
26-28/12",,,"Sg. Tamalang
3/1",,
,,,,,,,,,,"Sg. Rampai
3/1",,
,,,,,,,,,,,,
,,,,,,,,,,,,
,,,,,,,,,,,,
,,,,,,,,,,,,
River & Date of Flood,,,,,,,,,,"Sg. Balagaton / Sg. Merah
12-16/1",,
,,,,,,,,,,,,
,,,,,,,,,,,,
,,,,,,,,,,,,
,,,,,,,,,,,,
River & Date of Flood,,,,,,,"Sg. Tempasuk
25/6","Sg. Tempasuk
27/1, 29/1, 2-3/5, 5-6/5, 12-13/6,
15-16/6, 22-23/10","Sg. Tempasuk
16/2, 19/2, 24/4, 27/7, ",,"Sg. Tempasuk
29/9, 7-8/10, 12/11",
,,,,,,,,"Sg. Gurong-Gurong
27/1, 29/1, 19/11","Sg. Kesapang
19/2",,"Sg. Gunding
11/12",
,,,,,,,,,,,,
,,,,,,,,,,,,
,,,,,,,,,,,,
,,,,,,,,,,,,
,,,,,,,,,,,,
River & Date of Flood,,,,,,,,,,,"Sg. Abai
29/9, 7-8/10, 11/12",
,,,,,,,,,,,,
,,,,,,,,,,,,
,,,,,,,,,,,,
,,,,,,,,,,,,
River & Date of Flood,,,,,,,,,,,,
,,,,,,,,,,,,
,,,,,,,,,,,,
,,,,,,,,,,,,
,,,,,,,,,,,,
River & Date of Flood,,,,,,,"Sg. Tuaran
26/6",,,,,
,,,,,,,,,,,,
,,,,,,,,,,,,
,,,,,,,,,,,,
,,,,,,,,,,,,
River & Date of Flood,,,,,,"Sg. Telipok
17/7",,,,,"Sg. Telipok
9-10/5",
,,,,,,,,,,,,
,,,,,,,,,,,,
,,,,,,,,,,,,
,,,,,,,,,,,,
River & Date of Flood,,,,,,,,,,,"Sg. Tebobon
9-10/5",
,,,,,,,,,,,"Sg. Keliangau
9-10/5",
,,,,,,,,,,,,
,,,,,,,,,,,,
,,,,,,,,,,,,
,,,,,,,,,,,,
River & Date of Flood,,"Sg. Moyog
13-14/3",,,,,"Sg. Moyog
26/6",,,,"Sg. Kibabaig
9-10/5",
,,,,,,,"Sg. Kibabaig
26/6",,,,"Sg. Kolopis
9-10/5",
,,,,,,,"Sg. Kolopis
26/6",,,,"Sg. Moyog
9-10/5",
,,,,,,,"Sg. Maang
26/6",,,,,
,,,,,,,,,,,,
,,,,,,,,,,,,
,,,,,,,,,,,,
,,,,,,,,,,,,
River & Date of Flood,,"Sg. Papar
12-13/3",,,"Sg. Tiku
5/1, 25/8",,"Sg. Papar
26/6",,,,,
,,"Sg. Kawang
3-11/10",,,,,"Sg. Kinarut
26/6",,,,,
,,,,,,,,,,,,
,,,,,,,,,,,,
,,,,,,,,,,,,
,,,,,,,,,,,,
River & Date of Flood,,"Sg. Kimanis
12-13/3",,,,,"Sg. Kimanis
26/6",,,,,
,,,,,,,,,,,,
,,,,,,,,,,,,
,,,,,,,,,,,,
,,,,,,,,,,,,
River & Date of Flood,,"Sg. Bongawan
3-11/10","Sg. Bongawan
8/10",,,,"Sg. Bongawan
26/6",,,,,
,,,,,,,,,,,,
,,,,,,,,,,,,
,,,,,,,,,,,,
,,,,,,,,,,,,
River & Date of Flood,,"Sg. Membakut
8-11/10, 2-7/11",,,,,"Sg. Membakut
25-27/6",,,,,
,,,,,,,,,,,,
,,,,,,,,,,,,
,,,,,,,,,,,,
,,,,,,,,,,,,
River & Date of Flood,,,,,,,,,,,,
,,,,,,,,,,,,
,,,,,,,,,,,,
,,,,,,,,,,,,
,,,,,,,,,,,,
River & Date of Flood,,,,,,,,,,,,
,,,,,,,,,,,,
,,,,,,,,,,,,
,,,,,,,,,,,,
,,,,,,,,,,,,
River & Date of Flood,,"Sg. Padas
3-7/1, 17-20/1,
5-8/3, 9-10/10, 31/10-6/11","Sg. Pamaluyan
9-12/10","Sg. Baribawa
10/9",,,"Sg. Padas
25-29/6","Sg. Padas
4-8/1, 12-17/1, 21-23/3","Sg. Padas
19/2, 7-10/11","Sg. Longop
3-4/1, 12-16/1","Sg. Padas
20-23/7, 10-14/11",
,,"Sg. Mempikit
3/4",,"Sg. Padas
9-11/10",,,"Sg. Pandawan
26/6",,,"Sg. Sook
24/1","Sg. Pegalan
11/11",
,,"Sg. Naluyan
24-25/11",,,,,,,,"Sg. Biah
24/1","Sg. PoNo.ntomon
11/11",
,,,,,,,,,,"Sg. Kuaran
24/1","Sg. Tolokoson
11/11",
,,,,,,,,,,"Sg. Padas
21-28/1, 6-9/2, 
12-22/3","Sg. Marais
11/11",
,,,,,,,,,,,"Sg. Tomani
11/11",
,,,,,,,,,,,"Sg. Kuaran
11/11",
,,,,,,,,,,,,
,,,,,,,,,,,,
,,,,,,,,,,,,
,,,,,,,,,,,,
River & Date of Flood,,,,,,,,,,,,
,,,,,,,,,,,,
,,,,,,,,,,,,
,,,,,,,,,,,,
,,,,,,,,,,,,
River & Date of Flood,,,"Sg. Lakutan
10/12",,,,,,,,,
,,,,,,,,,,,,
,,,,,,,,,,,,
,,,,,,,,,,,,
,,,,,,,,,,,,
River & Date of Flood,,,,,,,,,,,,
,,,,,,,,,,,,
,,,,,,,,,,,,
,,,,,,,,,,,,
,,,,,,,,,,,,Sarawak
River & Date of Flood,,,,,,,,"Btg. Lawas
28/1","Btg. Lawas
26/10",,,
,,,,,,,,,,,,
,,,,,,,,,,,,
,,,,,,,,,,,,
,,,,,,,,,,,,
River & Date of Flood,,,,,,,,,,,,
,,,,,,,,,,,,
,,,,,,,,,,,,
,,,,,,,,,,,,
,,,,,,,,,,,,
River & Date of Flood,,,,,,,,"Btg. Terusan
28/1","Btg. Terusan
26-27/10",,,
,,,,,,,,,,,,
,,,,,,,,,,,,
,,,,,,,,,,,,
,,,,,,,,,,,,
River & Date of Flood,,,,,,,,,,,,
,,,,,,,,,,,,
,,,,,,,,,,,,
,,,,,,,,,,,,
,,,,,,,,,,,,
River & Date of Flood,,"Btg. Limbang
25-28/1","Btg. Limbang
25-27/1, 30/1",,,,,"Sg. Limbang
27/1, 20/2","Btg. Limbang
25-30/10 ","Btg. Limbang
4-6/2",,
,,,,,,,,,"Sg. Berawan
25-27/10",,,
,,,,,,,,,,,,
,,,,,,,,,,,,
,,,,,,,,,,,,
,,,,,,,,,,,,
River & Date of Flood,,"Sg. Baram
4-6/3, 17-20/3",,,,,,,"Sg. Baram/ Sg. Tinjar/ Sg. Tutoh
24-30/1","Sg. Nyelong
11-14/1",,
,,,,,,,,,,,,
,,,,,,,,,,,,
,,,,,,,,,,,,
,,,,,,,,,,,,
River & Date of Flood,,,,,,,,,,,,
,,,,,,,,,,,,
,,,,,,,,,,,,
,,,,,,,,,,,,
,,,,,,,,,,,,
River & Date of Flood,,,,,,,,,,,,
,,,,,,,,,,,,
,,,,,,,,,,,,
,,,,,,,,,,,,
,,,,,,,,,,,,
River & Date of Flood,,,,,,,,,,,,
,,,,,,,,,,,,
,,,,,,,,,,,,
,,,,,,,,,,,,
,,,,,,,,,,,,
River & Date of Flood,,,,,,,,,,,,
,,,,,,,,,,,,
,,,,,,,,,,,,
,,,,,,,,,,,,
,,,,,,,,,,,,
River & Date of Flood,,,,,,,,,,,,
,,,,,,,,,,,,
,,,,,,,,,,,,
,,,,,,,,,,,,
,,,,,,,,,,,,
River & Date of Flood,,,,,,,,,,,,
,,,,,,,,,,,,
,,,,,,,,,,,,
,,,,,,,,,,,,
,,,,,,,,,,,,
River & Date of Flood,,,,,,,,,,,,
,,,,,,,,,,,,
,,,,,,,,,,,,
,,,,,,,,,,,,
,,,,,,,,,,,,
River & Date of Flood,,,,,,,,,,,,
,,,,,,,,,,,,
,,,,,,,,,,,,
,,,,,,,,,,,,
,,,,,,,,,,,,
River & Date of Flood,,,,,,,,,,"Sg. Maung Kanan
1/10",,
,,,,,,,,,,,,
,,,,,,,,,,,,
,,,,,,,,,,,,
,,,,,,,,,,,,
River & Date of Flood,,,,,,,,,,,,
,,,,,,,,,,,,
,,,,,,,,,,,,
,,,,,,,,,,,,
,,,,,,,,,,,,
River & Date of Flood,,,,,,,,,,,,
,,,,,,,,,,,,
,,,,,,,,,,,,
,,,,,,,,,,,,
,,,,,,,,,,,,
River & Date of Flood,,,,,,,,,"Btg. Balingian
26/12",,,
,,,,,,,,,,,,
,,,,,,,,,,,,
,,,,,,,,,,,,
,,,,,,,,,,,,
River & Date of Flood,,,,,,,,,,,,
,,,,,,,,,,,,
,,,,,,,,,,,,
,,,,,,,,,,,,
,,,,,,,,,,,,
River & Date of Flood,,,,,,,,,,,,
,,,,,,,,,,,,
,,,,,,,,,,,,
,,,,,,,,,,,,
,,,,,,,,,,,,
River & Date of Flood,,,,,,,,,"Btg. Mukah
26/12","Btg. Mukah/Kuala Mukah/Sg. Tilian/Sg. Bedil/Sg. Kuala Lama
9-13/1",,
,,,,,,,,,,,,
,,,,,,,,,,,,
,,,,,,,,,,,,
,,,,,,,,,,,,
River & Date of Flood,,,,,,,,,"Btg. Oya
26/12","Btg. Oya
9-13/1",,
,,,,,,,,,,,,
,,,,,,,,,,,,
,,,,,,,,,,,,
,,,,,,,,,,,,
River & Date of Flood,,,,,,,,,,,,
,,,,,,,,,,,,
,,,,,,,,,,,,
,,,,,,,,,,,,
,,,,,,,,,,,,
River & Date of Flood,,"Sg. Bakir/ Sg. Simanggang
9-13/2","Btg. Rajang
12-26/1, 20/2-7/3, 3/6",,,,,"Btg. Rajang/Btg. Igan/Sg. Salim/Btg. Seduan
12-16/12
","Sg. Bakir/ Sg. Simanggang
11-19/11, 15/12","Btg. Rajang
10-14/1, 29/1-2/2, ",,
,,"Btg. Rajang
9-14/2",,,,,,,,"Sg. Kedup
11-13/1",,
,,,,,,,,,,"Sg. Serian
11-13/1",,
,,,,,,,,,,"Sg. Seduan
10-13/1",,
,,,,,,,,,,,,
,,,,,,,,,,,,
,,,,,,,,,,,,
,,,,,,,,,,,,
River & Date of Flood,,,,,,,,,,,,
,,,,,,,,,,,,
,,,,,,,,,,,,
,,,,,,,,,,,,
,,,,,,,,,,,,
River & Date of Flood,,,,,,,,,,"Btg. Layar
11-13/1,28-29/1",,
,,,,,,,,,,,,
,,,,,,,,,,,,
,,,,,,,,,,,,
,,,,,,,,,,,,
River & Date of Flood,,,,,,,,,,,,
,,,,,,,,,,,,
,,,,,,,,,,,,
,,,,,,,,,,,,
,,,,,,,,,,,,
River & Date of Flood,,,,,,,,,,,,
,,,,,,,,,,,,
,,,,,,,,,,,,
,,,,,,,,,,,,
,,,,,,,,,,,,
River & Date of Flood,,,,,,,,,,"Sg. Sebuyau
28-31/1",,
,,,,,,,,,,,,
,,,,,,,,,,,,
,,,,,,,,,,,,
,,,,,,,,,,,,
River & Date of Flood,,,,,,,,,,"Sg. Batang Sadong/ Sg. Sebangan/ Sg. Sebuyau
28-31/1",,
,,,,,,,,,,"Sg. Sadong
11-13/1",,
,,,,,,,,,,,,
,,,,,,,,,,,,
,,,,,,,,,,,,
,,,,,,,,,,,,
River & Date of Flood,,,,,,,,"Sg. Tuang
30/11",,,,
,,,,,,,,"Sg. Loba Batu Belat
30/11",,,,
,,,,,,,,,,,,
,,,,,,,,,,,,
,,,,,,,,,,,,
,,,,,,,,,,,,
River & Date of Flood,,"Sg. Sarawak
28/2 ","Sg. Sarawak
6-10/1, 13/1, 20/1, 28/1, 3-4/2,16-17/2, 1/7, 10/9","Sg. Sarawak
23-26/1, 3-8/2, 2/4, 2/5, ",,,"Sg. Sarawak Kanan
23/2, 18/9, 20/12, 27/12, 30/12","Sg. Sarawak
23/1, 29/1, ","Sg. Sarawak
9/11","Sg. Sarawak
10-12/1",,
,,,,,,,,,,"Sg. Moyan
11-12/1",,
,,,,,,,,,,"Sg. Kayan
11-13/1",,
,,,,,,,,,,"Sg. Ketup/ Sg. Karu/ Sg. Ruben
11-13/1",,
,,,,,,,,,,,,
,,,,,,,,,,,,
,,,,,,,,,,,,
,,,,,,,,,,,,
River & Date of Flood,,,,,,,,,,"Sg. Maung Kanan
10-12/1",,
,,,,,,,,,,"Sg. Pandungan/ Sg. Maung/
11/1",,
,,,,,,,,,,"Sg. Maung Kiri
11-12/1",,
,,,,,,,,,,"Sg. Maung Paroh
12/1",,
,,,,,,,,,,,,
,,,,,,,,,,,,
,,,,,,,,,,,,
,,,,,,,,,,,,
River & Date of Flood,,,,,,,,,,"Sg. Tengah & Minjab
11/1",,
,,,,,,,,,,,,
,,,,,,,,,,,,
,,,,,,,,,,,,
,,,,,,,,,,,,
River & Date of Flood,,,,,,,,,,,,
,,,,,,,,,,,,
,,,,,,,,,,,,
,,,,,,,,,,,,
,,,,,,,,,,,,
River & Date of Flood,,,,,,,,,,,,
,,,,,,,,,,,,
,,,,,,,,,,,,
,,,,,,,,,,,,
,,,,,,,,,,,,
River & Date of Flood,,,,,,,,,,,,
,,,,,,,,,,,,
,,,,,,,,,,,,
,,,,,,,,,,,,
,,,,,,,,,,,,
River & Date of Flood,,,,,,,,,,,,
,,,,,,,,,,,,
,,,,,,,,,,,,
,,,,,,,,,,,,
,,,,,,,,,,,,
River & Date of Flood,,,,,,,,,,,,
,,,,,,,,,,,,
,,,,,,,,,,,,
,,,,,,,,,,,,
,,,,,,,,,,,,
River & Date of Flood,,,,,,,,,,,,
